tripid,001_P,002_P,003_P,004_P,005_P,006_P,007_P,008_P,009_P,010_P,011_P,012_P,013_P,014_P,015_P,016_P,017_P,018_P,019_P,020_P,021_P,022_P,023_P,024_P,025_P,026_P,027_P,028_P,029_P,030_P,031_P,032_P,033_P,034_P,035_P,036_P,037_P,038_P,039_P,040_P
0,7649.0,395.0,396.0,397.0,398.0,399.0,400.0,7581.0,1283.0,7579.0,1285.0,1016.0,1017.0,1018.0,1019.0,1020.0,1076.0,1077.0,1078.0,1079.0,1080.0,1081.0,1082.0,1083.0,1085.0,1086.0,1087.0,1088.0,1089.0,1090.0,1091.0,1092.0,1093.0,1094.0,1095.0,1096.0,1101.0,1102.0,1103.0,1104.0
5005884,77400.0,77408.0,77469.0,77503.0,77553.0,77594.0,77666.0,77901.0,78009.0,78092.0,78217.0,78324.0,78365.0,78407.0,78435.0,78469.0,78517.0,78561.0,78595.0,78635.0,78663.0,78703.0,78730.0,78755.0,78798.0,78841.0,78890.0,78939.0,78995.0,79035.0,79078.0,79119.0,79142.0,79171.0,79225.0,79243.0,79275.0,79304.0,79325.0,79362.0
5005886,84600.0,84608.0,84669.0,84703.0,84753.0,84794.0,84866.0,85101.0,85209.0,85292.0,85417.0,85524.0,85565.0,85607.0,85635.0,85669.0,85717.0,85761.0,85795.0,85835.0,85863.0,85903.0,85930.0,85955.0,85998.0,86041.0,86090.0,86139.0,86195.0,86235.0,86278.0,86319.0,86342.0,86371.0,86425.0,86443.0,86475.0,86504.0,86525.0,86562.0
5006209,33000.0,33006.0,33054.0,33080.0,33119.0,33151.0,33208.0,33389.0,33472.0,33536.0,33641.0,33732.0,33751.0,33770.0,33796.0,33829.0,33874.0,33916.0,33947.0,33982.0,34010.0,34050.0,34077.0,34102.0,34143.0,34178.0,34218.0,34258.0,34304.0,34337.0,34384.0,34416.0,34434.0,34457.0,34499.0,34513.0,34563.0,34583.0,34597.0,34642.0
5006211,39000.0,39009.0,39081.0,39121.0,39179.0,39227.0,39312.0,39513.0,39606.0,39676.0,39793.0,39894.0,39927.0,39961.0,39995.0,40038.0,40097.0,40152.0,40192.0,40239.0,40273.0,40322.0,40355.0,40385.0,40436.0,40476.0,40522.0,40568.0,40621.0,40659.0,40713.0,40749.0,40769.0,40794.0,40841.0,40857.0,40895.0,40918.0,40934.0,40983.0
5006215,51000.0,51009.0,51078.0,51116.0,51172.0,51218.0,51299.0,51531.0,51637.0,51735.0,51874.0,51993.0,52025.0,52057.0,52090.0,52131.0,52188.0,52240.0,52286.0,52340.0,52379.0,52435.0,52473.0,52508.0,52566.0,52607.0,52655.0,52702.0,52756.0,52796.0,52844.0,52884.0,52906.0,52934.0,52986.0,53004.0,53047.0,53075.0,53095.0,53134.0
5006217,57000.0,57008.0,57071.0,57106.0,57157.0,57199.0,57272.0,57557.0,57688.0,57778.0,57906.0,58016.0,58056.0,58096.0,58131.0,58175.0,58235.0,58291.0,58331.0,58377.0,58415.0,58470.0,58507.0,58541.0,58600.0,58644.0,58695.0,58746.0,58804.0,58845.0,58890.0,58930.0,58952.0,58980.0,59032.0,59050.0,59088.0,59111.0,59128.0,59160.0
5006219,63000.0,63013.0,63114.0,63170.0,63252.0,63319.0,63440.0,63796.0,63960.0,64053.0,64182.0,64293.0,64339.0,64386.0,64425.0,64473.0,64539.0,64600.0,64638.0,64681.0,64722.0,64780.0,64819.0,64856.0,64918.0,64964.0,65017.0,65069.0,65129.0,65172.0,65226.0,65277.0,65306.0,65342.0,65409.0,65431.0,65498.0,65530.0,65553.0,65594.0
5006221,68400.0,68407.0,68462.0,68493.0,68538.0,68575.0,68640.0,69077.0,69277.0,69391.0,69539.0,69667.0,69704.0,69742.0,69774.0,69814.0,69869.0,69920.0,69964.0,70014.0,70044.0,70087.0,70116.0,70143.0,70189.0,70233.0,70284.0,70335.0,70393.0,70435.0,70469.0,70513.0,70538.0,70569.0,70627.0,70647.0,70684.0,70712.0,70732.0,70773.0
5006223,73800.0,73807.0,73862.0,73893.0,73938.0,73975.0,74040.0,74477.0,74677.0,74791.0,74939.0,75067.0,75104.0,75142.0,75174.0,75214.0,75269.0,75320.0,75364.0,75414.0,75444.0,75487.0,75516.0,75543.0,75589.0,75633.0,75684.0,75735.0,75793.0,75835.0,75869.0,75913.0,75938.0,75969.0,76027.0,76047.0,76084.0,76112.0,76132.0,76173.0
5006225,79200.0,79208.0,79270.0,79304.0,79354.0,79395.0,79470.0,79770.0,79908.0,80001.0,80155.0,80287.0,80329.0,80372.0,80403.0,80441.0,80494.0,80544.0,80580.0,80621.0,80650.0,80691.0,80719.0,80745.0,80788.0,80836.0,80892.0,80948.0,81012.0,81058.0,81098.0,81138.0,81161.0,81190.0,81243.0,81261.0,81294.0,81321.0,81340.0,81379.0
5006227,84600.0,84608.0,84670.0,84704.0,84754.0,84795.0,84870.0,85170.0,85308.0,85401.0,85555.0,85687.0,85729.0,85772.0,85803.0,85841.0,85894.0,85944.0,85980.0,86021.0,86050.0,86091.0,86119.0,86145.0,86188.0,86236.0,86292.0,86348.0,86412.0,86458.0,86498.0,86538.0,86561.0,86590.0,86643.0,86661.0,86694.0,86721.0,86740.0,86779.0
5007938,64800.0,64813.0,64915.0,64971.0,65053.0,65121.0,65242.0,65602.0,65767.0,65874.0,66072.0,66243.0,66320.0,66398.0,66442.0,66496.0,66571.0,66641.0,66692.0,66750.0,66795.0,66860.0,66904.0,66945.0,67013.0,67066.0,67127.0,67188.0,67257.0,67306.0,67368.0,67419.0,67447.0,67483.0,67549.0,67572.0,67625.0,67660.0,67685.0,67731.0
5007940,72000.0,72008.0,72075.0,72112.0,72166.0,72210.0,72290.0,72614.0,72763.0,72849.0,72997.0,73124.0,73173.0,73222.0,73259.0,73305.0,73368.0,73426.0,73469.0,73518.0,73553.0,73603.0,73637.0,73668.0,73721.0,73769.0,73825.0,73881.0,73944.0,73990.0,74047.0,74093.0,74119.0,74151.0,74211.0,74231.0,74268.0,74304.0,74330.0,74369.0
5007942,79200.0,79208.0,79269.0,79303.0,79353.0,79394.0,79466.0,79701.0,79809.0,79892.0,80017.0,80124.0,80165.0,80207.0,80235.0,80269.0,80317.0,80361.0,80395.0,80435.0,80463.0,80503.0,80530.0,80555.0,80598.0,80641.0,80690.0,80739.0,80795.0,80835.0,80878.0,80919.0,80942.0,80971.0,81025.0,81043.0,81075.0,81104.0,81125.0,81162.0
5008758,34200.0,34212.0,34304.0,34355.0,34430.0,34491.0,34602.0,34913.0,35056.0,35133.0,35293.0,35431.0,35469.0,35507.0,35535.0,35569.0,35617.0,35661.0,35697.0,35738.0,35767.0,35809.0,35837.0,35863.0,35907.0,35948.0,35995.0,36042.0,36096.0,36136.0,36178.0,36214.0,36234.0,36260.0,36307.0,36324.0,36357.0,36380.0,36396.0,36436.0
5008760,41400.0,41408.0,41471.0,41506.0,41557.0,41599.0,41676.0,41951.0,42077.0,42164.0,42316.0,42446.0,42483.0,42521.0,42556.0,42600.0,42661.0,42718.0,42755.0,42797.0,42829.0,42875.0,42906.0,42935.0,42982.0,43026.0,43077.0,43127.0,43185.0,43226.0,43272.0,43307.0,43327.0,43352.0,43398.0,43413.0,43453.0,43479.0,43497.0,43537.0
5008762,48600.0,48608.0,48673.0,48709.0,48761.0,48804.0,48881.0,49127.0,49240.0,49338.0,49483.0,49607.0,49656.0,49705.0,49744.0,49793.0,49861.0,49924.0,49968.0,50018.0,50064.0,50130.0,50174.0,50215.0,50285.0,50337.0,50397.0,50457.0,50526.0,50576.0,50629.0,50673.0,50698.0,50729.0,50786.0,50805.0,50859.0,50892.0,50916.0,50959.0
5008764,55800.0,55810.0,55892.0,55937.0,56003.0,56057.0,56156.0,56466.0,56608.0,56709.0,56876.0,57019.0,57091.0,57165.0,57210.0,57266.0,57343.0,57414.0,57467.0,57529.0,57588.0,57673.0,57730.0,57783.0,57872.0,57928.0,57992.0,58056.0,58129.0,58183.0,58247.0,58300.0,58330.0,58368.0,58438.0,58461.0,58525.0,58565.0,58593.0,58640.0
5008766,63000.0,63012.0,63106.0,63158.0,63234.0,63297.0,63410.0,63844.0,64044.0,64164.0,64360.0,64529.0,64650.0,64773.0,64820.0,64879.0,64960.0,65036.0,65091.0,65154.0,65214.0,65299.0,65356.0,65409.0,65500.0,65556.0,65621.0,65685.0,65759.0,65812.0,65875.0,65929.0,65959.0,65997.0,66068.0,66093.0,66148.0,66186.0,66213.0,66258.0
5008768,70200.0,70208.0,70275.0,70312.0,70366.0,70410.0,70490.0,70814.0,70963.0,71049.0,71197.0,71324.0,71373.0,71422.0,71459.0,71505.0,71568.0,71626.0,71669.0,71718.0,71753.0,71803.0,71837.0,71868.0,71921.0,71969.0,72025.0,72081.0,72144.0,72190.0,72247.0,72293.0,72319.0,72351.0,72411.0,72431.0,72468.0,72504.0,72530.0,72569.0
5010324,26100.0,26104.0,26139.0,26158.0,26186.0,26209.0,26251.0,26375.0,26432.0,26479.0,26541.0,26595.0,26611.0,26627.0,26642.0,26661.0,26687.0,26711.0,26742.0,26777.0,26797.0,26826.0,26846.0,26864.0,26896.0,26932.0,26974.0,27016.0,27064.0,27099.0,27140.0,27162.0,27174.0,27190.0,27219.0,27229.0,27248.0,27263.0,27274.0,27303.0
5010326,31800.0,31807.0,31859.0,31888.0,31930.0,31965.0,32027.0,32203.0,32284.0,32393.0,32460.0,32518.0,32545.0,32572.0,32591.0,32615.0,32648.0,32679.0,32705.0,32735.0,32763.0,32803.0,32830.0,32855.0,32896.0,32928.0,32965.0,33002.0,33044.0,33074.0,33119.0,33148.0,33164.0,33184.0,33222.0,33235.0,33265.0,33289.0,33307.0,33340.0
5010330,43800.0,43809.0,43878.0,43916.0,43972.0,44018.0,44099.0,44331.0,44437.0,44535.0,44674.0,44793.0,44825.0,44857.0,44890.0,44931.0,44988.0,45040.0,45086.0,45140.0,45179.0,45235.0,45273.0,45308.0,45366.0,45407.0,45455.0,45502.0,45556.0,45596.0,45644.0,45684.0,45706.0,45734.0,45786.0,45804.0,45847.0,45875.0,45895.0,45934.0
5012341,30600.0,30607.0,30659.0,30688.0,30730.0,30765.0,30827.0,31003.0,31084.0,31193.0,31260.0,31318.0,31345.0,31372.0,31391.0,31415.0,31448.0,31479.0,31505.0,31535.0,31563.0,31603.0,31630.0,31655.0,31696.0,31728.0,31765.0,31802.0,31844.0,31874.0,31919.0,31948.0,31964.0,31984.0,32022.0,32035.0,32065.0,32089.0,32107.0,32140.0
5012345,42600.0,42609.0,42681.0,42721.0,42779.0,42827.0,42912.0,43113.0,43206.0,43276.0,43393.0,43494.0,43527.0,43561.0,43595.0,43638.0,43697.0,43752.0,43792.0,43839.0,43873.0,43922.0,43955.0,43985.0,44036.0,44076.0,44122.0,44168.0,44221.0,44259.0,44313.0,44349.0,44369.0,44394.0,44441.0,44457.0,44495.0,44518.0,44534.0,44583.0
5012347,48600.0,48609.0,48678.0,48716.0,48772.0,48818.0,48899.0,49131.0,49237.0,49335.0,49474.0,49593.0,49625.0,49657.0,49690.0,49731.0,49788.0,49840.0,49886.0,49940.0,49979.0,50035.0,50073.0,50108.0,50166.0,50207.0,50255.0,50302.0,50356.0,50396.0,50444.0,50484.0,50506.0,50534.0,50586.0,50604.0,50647.0,50675.0,50695.0,50734.0
5012349,54600.0,54608.0,54671.0,54706.0,54757.0,54799.0,54872.0,55157.0,55288.0,55378.0,55506.0,55616.0,55656.0,55696.0,55731.0,55775.0,55835.0,55891.0,55931.0,55977.0,56015.0,56070.0,56107.0,56141.0,56200.0,56244.0,56295.0,56346.0,56404.0,56445.0,56490.0,56530.0,56552.0,56580.0,56632.0,56650.0,56688.0,56711.0,56728.0,56760.0
5012353,66600.0,66610.0,66688.0,66731.0,66794.0,66846.0,66940.0,67130.0,67217.0,67302.0,67472.0,67619.0,67647.0,67676.0,67705.0,67741.0,67791.0,67838.0,67895.0,67961.0,67997.0,68049.0,68084.0,68116.0,68170.0,68206.0,68248.0,68290.0,68337.0,68371.0,68417.0,68448.0,68465.0,68487.0,68527.0,68540.0,68562.0,68591.0,68611.0,68660.0
5012443,28800.0,28811.0,28898.0,28946.0,29016.0,29074.0,29177.0,29511.0,29664.0,29743.0,29922.0,30076.0,30123.0,30171.0,30201.0,30238.0,30289.0,30337.0,30380.0,30429.0,30463.0,30512.0,30545.0,30576.0,30627.0,30675.0,30731.0,30786.0,30849.0,30895.0,30942.0,30978.0,30998.0,31023.0,31070.0,31086.0,31137.0,31161.0,31179.0,31225.0
5012445,36600.0,36608.0,36671.0,36706.0,36757.0,36799.0,36876.0,37151.0,37277.0,37364.0,37516.0,37646.0,37683.0,37721.0,37756.0,37800.0,37861.0,37918.0,37955.0,37997.0,38029.0,38075.0,38106.0,38135.0,38182.0,38226.0,38277.0,38327.0,38385.0,38426.0,38472.0,38507.0,38527.0,38552.0,38598.0,38613.0,38653.0,38679.0,38697.0,38737.0
5012447,43800.0,43808.0,43873.0,43909.0,43961.0,44004.0,44081.0,44327.0,44440.0,44538.0,44683.0,44807.0,44856.0,44905.0,44944.0,44993.0,45061.0,45124.0,45168.0,45218.0,45264.0,45330.0,45374.0,45415.0,45485.0,45537.0,45597.0,45657.0,45726.0,45776.0,45829.0,45873.0,45898.0,45929.0,45986.0,46005.0,46059.0,46092.0,46116.0,46159.0
5012449,51000.0,51008.0,51073.0,51109.0,51161.0,51204.0,51281.0,51527.0,51640.0,51738.0,51883.0,52007.0,52056.0,52105.0,52144.0,52193.0,52261.0,52324.0,52368.0,52418.0,52464.0,52530.0,52574.0,52615.0,52685.0,52737.0,52797.0,52857.0,52926.0,52976.0,53029.0,53073.0,53098.0,53129.0,53186.0,53205.0,53259.0,53292.0,53316.0,53359.0
5012451,58200.0,58210.0,58292.0,58337.0,58403.0,58457.0,58556.0,58866.0,59008.0,59109.0,59276.0,59419.0,59491.0,59565.0,59610.0,59666.0,59743.0,59814.0,59867.0,59929.0,59988.0,60073.0,60130.0,60183.0,60272.0,60328.0,60392.0,60456.0,60529.0,60583.0,60647.0,60700.0,60730.0,60768.0,60838.0,60861.0,60925.0,60965.0,60993.0,61040.0
5012453,65700.0,65713.0,65815.0,65871.0,65953.0,66021.0,66142.0,66502.0,66667.0,66774.0,66972.0,67143.0,67220.0,67298.0,67342.0,67396.0,67471.0,67541.0,67592.0,67650.0,67695.0,67760.0,67804.0,67845.0,67913.0,67966.0,68027.0,68088.0,68157.0,68206.0,68268.0,68319.0,68347.0,68383.0,68449.0,68472.0,68525.0,68560.0,68585.0,68631.0
5012525,35400.0,35412.0,35504.0,35555.0,35630.0,35691.0,35802.0,36113.0,36256.0,36333.0,36493.0,36631.0,36669.0,36707.0,36735.0,36769.0,36817.0,36861.0,36897.0,36938.0,36967.0,37009.0,37037.0,37063.0,37107.0,37148.0,37195.0,37242.0,37296.0,37336.0,37378.0,37414.0,37434.0,37460.0,37507.0,37524.0,37557.0,37580.0,37596.0,37636.0
5012527,42600.0,42608.0,42671.0,42706.0,42757.0,42799.0,42876.0,43151.0,43277.0,43364.0,43516.0,43646.0,43683.0,43721.0,43756.0,43800.0,43861.0,43918.0,43955.0,43997.0,44029.0,44075.0,44106.0,44135.0,44182.0,44226.0,44277.0,44327.0,44385.0,44426.0,44472.0,44507.0,44527.0,44552.0,44598.0,44613.0,44653.0,44679.0,44697.0,44737.0
5012529,49800.0,49808.0,49873.0,49909.0,49961.0,50004.0,50081.0,50327.0,50440.0,50538.0,50683.0,50807.0,50856.0,50905.0,50944.0,50993.0,51061.0,51124.0,51168.0,51218.0,51264.0,51330.0,51374.0,51415.0,51485.0,51537.0,51597.0,51657.0,51726.0,51776.0,51829.0,51873.0,51898.0,51929.0,51986.0,52005.0,52059.0,52092.0,52116.0,52159.0
5012531,57000.0,57010.0,57092.0,57137.0,57203.0,57257.0,57356.0,57666.0,57808.0,57909.0,58076.0,58219.0,58291.0,58365.0,58410.0,58466.0,58543.0,58614.0,58667.0,58729.0,58788.0,58873.0,58930.0,58983.0,59072.0,59128.0,59192.0,59256.0,59329.0,59383.0,59447.0,59500.0,59530.0,59568.0,59638.0,59661.0,59725.0,59765.0,59793.0,59840.0
5013097,31800.0,31811.0,31898.0,31946.0,32016.0,32074.0,32177.0,32511.0,32664.0,32743.0,32922.0,33076.0,33123.0,33171.0,33201.0,33238.0,33289.0,33337.0,33380.0,33429.0,33463.0,33512.0,33545.0,33576.0,33627.0,33675.0,33731.0,33786.0,33849.0,33895.0,33942.0,33978.0,33998.0,34023.0,34070.0,34086.0,34137.0,34161.0,34179.0,34225.0
5013099,39000.0,39008.0,39071.0,39106.0,39157.0,39199.0,39276.0,39551.0,39677.0,39764.0,39916.0,40046.0,40083.0,40121.0,40156.0,40200.0,40261.0,40318.0,40355.0,40397.0,40429.0,40475.0,40506.0,40535.0,40582.0,40626.0,40677.0,40727.0,40785.0,40826.0,40872.0,40907.0,40927.0,40952.0,40998.0,41013.0,41053.0,41079.0,41097.0,41137.0
5013101,46200.0,46208.0,46273.0,46309.0,46361.0,46404.0,46481.0,46727.0,46840.0,46938.0,47083.0,47207.0,47256.0,47305.0,47344.0,47393.0,47461.0,47524.0,47568.0,47618.0,47664.0,47730.0,47774.0,47815.0,47885.0,47937.0,47997.0,48057.0,48126.0,48176.0,48229.0,48273.0,48298.0,48329.0,48386.0,48405.0,48459.0,48492.0,48516.0,48559.0
5013103,53400.0,53408.0,53473.0,53509.0,53561.0,53604.0,53681.0,53927.0,54040.0,54138.0,54283.0,54407.0,54456.0,54505.0,54544.0,54593.0,54661.0,54724.0,54768.0,54818.0,54864.0,54930.0,54974.0,55015.0,55085.0,55137.0,55197.0,55257.0,55326.0,55376.0,55429.0,55473.0,55498.0,55529.0,55586.0,55605.0,55659.0,55692.0,55716.0,55759.0
5013105,61200.0,61212.0,61306.0,61358.0,61434.0,61497.0,61610.0,62044.0,62244.0,62364.0,62560.0,62729.0,62850.0,62973.0,63020.0,63079.0,63160.0,63236.0,63291.0,63354.0,63414.0,63499.0,63556.0,63609.0,63700.0,63756.0,63821.0,63885.0,63959.0,64012.0,64075.0,64129.0,64159.0,64197.0,64268.0,64293.0,64348.0,64386.0,64413.0,64458.0
5013107,68400.0,68408.0,68475.0,68512.0,68566.0,68610.0,68690.0,69014.0,69163.0,69249.0,69397.0,69524.0,69573.0,69622.0,69659.0,69705.0,69768.0,69826.0,69869.0,69918.0,69953.0,70003.0,70037.0,70068.0,70121.0,70169.0,70225.0,70281.0,70344.0,70390.0,70447.0,70493.0,70519.0,70551.0,70611.0,70631.0,70668.0,70704.0,70730.0,70769.0
5013109,75600.0,75608.0,75669.0,75703.0,75753.0,75794.0,75866.0,76101.0,76209.0,76292.0,76417.0,76524.0,76565.0,76607.0,76635.0,76669.0,76717.0,76761.0,76795.0,76835.0,76863.0,76903.0,76930.0,76955.0,76998.0,77041.0,77090.0,77139.0,77195.0,77235.0,77278.0,77319.0,77342.0,77371.0,77425.0,77443.0,77475.0,77504.0,77525.0,77562.0
5013111,82800.0,82808.0,82869.0,82903.0,82953.0,82994.0,83066.0,83301.0,83409.0,83492.0,83617.0,83724.0,83765.0,83807.0,83835.0,83869.0,83917.0,83961.0,83995.0,84035.0,84063.0,84103.0,84130.0,84155.0,84198.0,84241.0,84290.0,84339.0,84395.0,84435.0,84478.0,84519.0,84542.0,84571.0,84625.0,84643.0,84675.0,84704.0,84725.0,84762.0
5014333,33000.0,33012.0,33104.0,33155.0,33230.0,33291.0,33402.0,33713.0,33856.0,33933.0,34093.0,34231.0,34269.0,34307.0,34335.0,34369.0,34417.0,34461.0,34497.0,34538.0,34567.0,34609.0,34637.0,34663.0,34707.0,34748.0,34795.0,34842.0,34896.0,34936.0,34978.0,35014.0,35034.0,35060.0,35107.0,35124.0,35157.0,35180.0,35196.0,35236.0
5014335,40200.0,40208.0,40271.0,40306.0,40357.0,40399.0,40476.0,40751.0,40877.0,40964.0,41116.0,41246.0,41283.0,41321.0,41356.0,41400.0,41461.0,41518.0,41555.0,41597.0,41629.0,41675.0,41706.0,41735.0,41782.0,41826.0,41877.0,41927.0,41985.0,42026.0,42072.0,42107.0,42127.0,42152.0,42198.0,42213.0,42253.0,42279.0,42297.0,42337.0
5014337,47400.0,47408.0,47473.0,47509.0,47561.0,47604.0,47681.0,47927.0,48040.0,48138.0,48283.0,48407.0,48456.0,48505.0,48544.0,48593.0,48661.0,48724.0,48768.0,48818.0,48864.0,48930.0,48974.0,49015.0,49085.0,49137.0,49197.0,49257.0,49326.0,49376.0,49429.0,49473.0,49498.0,49529.0,49586.0,49605.0,49659.0,49692.0,49716.0,49759.0
5014346,23400.0,23405.0,23445.0,23467.0,23500.0,23527.0,23575.0,23708.0,23769.0,23832.0,23920.0,23996.0,24026.0,24057.0,24075.0,24097.0,24127.0,24155.0,24186.0,24222.0,24249.0,24288.0,24314.0,24339.0,24381.0,24421.0,24467.0,24513.0,24565.0,24603.0,24642.0,24668.0,24683.0,24702.0,24736.0,24748.0,24774.0,24793.0,24806.0,24843.0
5014348,30600.0,30611.0,30698.0,30746.0,30816.0,30874.0,30977.0,31311.0,31464.0,31543.0,31722.0,31876.0,31923.0,31971.0,32001.0,32038.0,32089.0,32137.0,32180.0,32229.0,32263.0,32312.0,32345.0,32376.0,32427.0,32475.0,32531.0,32586.0,32649.0,32695.0,32742.0,32778.0,32798.0,32823.0,32870.0,32886.0,32937.0,32961.0,32979.0,33025.0
5014350,37800.0,37808.0,37871.0,37906.0,37957.0,37999.0,38076.0,38351.0,38477.0,38564.0,38716.0,38846.0,38883.0,38921.0,38956.0,39000.0,39061.0,39118.0,39155.0,39197.0,39229.0,39275.0,39306.0,39335.0,39382.0,39426.0,39477.0,39527.0,39585.0,39626.0,39672.0,39707.0,39727.0,39752.0,39798.0,39813.0,39853.0,39879.0,39897.0,39937.0
5014352,45000.0,45008.0,45073.0,45109.0,45161.0,45204.0,45281.0,45527.0,45640.0,45738.0,45883.0,46007.0,46056.0,46105.0,46144.0,46193.0,46261.0,46324.0,46368.0,46418.0,46464.0,46530.0,46574.0,46615.0,46685.0,46737.0,46797.0,46857.0,46926.0,46976.0,47029.0,47073.0,47098.0,47129.0,47186.0,47205.0,47259.0,47292.0,47316.0,47359.0
5014354,52200.0,52208.0,52273.0,52309.0,52361.0,52404.0,52481.0,52727.0,52840.0,52938.0,53083.0,53207.0,53256.0,53305.0,53344.0,53393.0,53461.0,53524.0,53568.0,53618.0,53664.0,53730.0,53774.0,53815.0,53885.0,53937.0,53997.0,54057.0,54126.0,54176.0,54229.0,54273.0,54298.0,54329.0,54386.0,54405.0,54459.0,54492.0,54516.0,54559.0
5014356,59400.0,59410.0,59492.0,59537.0,59603.0,59657.0,59756.0,60066.0,60208.0,60309.0,60476.0,60619.0,60691.0,60765.0,60810.0,60866.0,60943.0,61014.0,61067.0,61129.0,61188.0,61273.0,61330.0,61383.0,61472.0,61528.0,61592.0,61656.0,61729.0,61783.0,61847.0,61900.0,61930.0,61968.0,62038.0,62061.0,62125.0,62165.0,62193.0,62240.0
5014358,66600.0,66613.0,66715.0,66771.0,66853.0,66921.0,67042.0,67402.0,67567.0,67674.0,67872.0,68043.0,68120.0,68198.0,68242.0,68296.0,68371.0,68441.0,68492.0,68550.0,68595.0,68660.0,68704.0,68745.0,68813.0,68866.0,68927.0,68988.0,69057.0,69106.0,69168.0,69219.0,69247.0,69283.0,69349.0,69372.0,69425.0,69460.0,69485.0,69531.0
5014360,73800.0,73808.0,73875.0,73912.0,73966.0,74010.0,74090.0,74414.0,74563.0,74649.0,74797.0,74924.0,74973.0,75022.0,75059.0,75105.0,75168.0,75226.0,75269.0,75318.0,75353.0,75403.0,75437.0,75468.0,75521.0,75569.0,75625.0,75681.0,75744.0,75790.0,75847.0,75893.0,75919.0,75951.0,76011.0,76031.0,76068.0,76104.0,76130.0,76169.0
5014362,81000.0,81008.0,81069.0,81103.0,81153.0,81194.0,81266.0,81501.0,81609.0,81692.0,81817.0,81924.0,81965.0,82007.0,82035.0,82069.0,82117.0,82161.0,82195.0,82235.0,82263.0,82303.0,82330.0,82355.0,82398.0,82441.0,82490.0,82539.0,82595.0,82635.0,82678.0,82719.0,82742.0,82771.0,82825.0,82843.0,82875.0,82904.0,82925.0,82962.0
5015018,62100.0,62112.0,62206.0,62258.0,62334.0,62397.0,62510.0,62944.0,63144.0,63264.0,63460.0,63629.0,63750.0,63873.0,63920.0,63979.0,64060.0,64136.0,64191.0,64254.0,64314.0,64399.0,64456.0,64509.0,64600.0,64656.0,64721.0,64785.0,64859.0,64912.0,64975.0,65029.0,65059.0,65097.0,65168.0,65193.0,65248.0,65286.0,65313.0,65358.0
5015208,54600.0,54610.0,54692.0,54737.0,54803.0,54857.0,54956.0,55266.0,55408.0,55509.0,55676.0,55819.0,55891.0,55965.0,56010.0,56066.0,56143.0,56214.0,56267.0,56329.0,56388.0,56473.0,56530.0,56583.0,56672.0,56728.0,56792.0,56856.0,56929.0,56983.0,57047.0,57100.0,57130.0,57168.0,57238.0,57261.0,57325.0,57365.0,57393.0,57440.0
5018331,26100.0,26107.0,26166.0,26198.0,26245.0,26284.0,26355.0,26510.0,26581.0,26660.0,26824.0,26966.0,27012.0,27059.0,27084.0,27115.0,27158.0,27199.0,27243.0,27293.0,27324.0,27369.0,27399.0,27427.0,27475.0,27509.0,27549.0,27589.0,27634.0,27667.0,27706.0,27741.0,27761.0,27786.0,27831.0,27846.0,27920.0,27942.0,27958.0,27998.0
5018333,60300.0,60310.0,60392.0,60437.0,60503.0,60557.0,60656.0,60966.0,61108.0,61209.0,61376.0,61519.0,61591.0,61665.0,61710.0,61766.0,61843.0,61914.0,61967.0,62029.0,62088.0,62173.0,62230.0,62283.0,62372.0,62428.0,62492.0,62556.0,62629.0,62683.0,62747.0,62800.0,62830.0,62868.0,62938.0,62961.0,63025.0,63065.0,63093.0,63140.0
5018335,67500.0,67513.0,67615.0,67671.0,67753.0,67821.0,67942.0,68302.0,68467.0,68574.0,68772.0,68943.0,69020.0,69098.0,69142.0,69196.0,69271.0,69341.0,69392.0,69450.0,69495.0,69560.0,69604.0,69645.0,69713.0,69766.0,69827.0,69888.0,69957.0,70006.0,70068.0,70119.0,70147.0,70183.0,70249.0,70272.0,70325.0,70360.0,70385.0,70431.0
5018553,21600.0,21604.0,21634.0,21651.0,21676.0,21696.0,21732.0,21869.0,21932.0,21986.0,22062.0,22128.0,22144.0,22160.0,22175.0,22194.0,22220.0,22243.0,22268.0,22297.0,22314.0,22339.0,22356.0,22371.0,22397.0,22425.0,22457.0,22489.0,22526.0,22552.0,22592.0,22619.0,22634.0,22653.0,22688.0,22699.0,22721.0,22747.0,22766.0,22802.0
5018555,27900.0,27904.0,27939.0,27958.0,27986.0,28009.0,28051.0,28175.0,28232.0,28279.0,28341.0,28395.0,28411.0,28427.0,28442.0,28461.0,28487.0,28511.0,28542.0,28577.0,28597.0,28626.0,28646.0,28664.0,28696.0,28732.0,28774.0,28816.0,28864.0,28899.0,28940.0,28962.0,28974.0,28990.0,29019.0,29029.0,29048.0,29063.0,29074.0,29103.0
5018557,34200.0,34206.0,34254.0,34280.0,34319.0,34351.0,34408.0,34589.0,34672.0,34736.0,34841.0,34932.0,34951.0,34970.0,34996.0,35029.0,35074.0,35116.0,35147.0,35182.0,35210.0,35250.0,35277.0,35302.0,35343.0,35378.0,35418.0,35458.0,35504.0,35537.0,35584.0,35616.0,35634.0,35657.0,35699.0,35713.0,35763.0,35783.0,35797.0,35842.0
5018559,40200.0,40209.0,40281.0,40321.0,40379.0,40427.0,40512.0,40713.0,40806.0,40876.0,40993.0,41094.0,41127.0,41161.0,41195.0,41238.0,41297.0,41352.0,41392.0,41439.0,41473.0,41522.0,41555.0,41585.0,41636.0,41676.0,41722.0,41768.0,41821.0,41859.0,41913.0,41949.0,41969.0,41994.0,42041.0,42057.0,42095.0,42118.0,42134.0,42183.0
5018561,46200.0,46209.0,46278.0,46316.0,46372.0,46418.0,46499.0,46731.0,46837.0,46935.0,47074.0,47193.0,47225.0,47257.0,47290.0,47331.0,47388.0,47440.0,47486.0,47540.0,47579.0,47635.0,47673.0,47708.0,47766.0,47807.0,47855.0,47902.0,47956.0,47996.0,48044.0,48084.0,48106.0,48134.0,48186.0,48204.0,48247.0,48275.0,48295.0,48334.0
5018563,52200.0,52209.0,52278.0,52316.0,52372.0,52418.0,52499.0,52731.0,52837.0,52935.0,53074.0,53193.0,53225.0,53257.0,53290.0,53331.0,53388.0,53440.0,53486.0,53540.0,53579.0,53635.0,53673.0,53708.0,53766.0,53807.0,53855.0,53902.0,53956.0,53996.0,54044.0,54084.0,54106.0,54134.0,54186.0,54204.0,54247.0,54275.0,54295.0,54334.0
5018648,82800.0,82808.0,82870.0,82904.0,82954.0,82995.0,83070.0,83370.0,83508.0,83601.0,83755.0,83887.0,83929.0,83972.0,84003.0,84041.0,84094.0,84144.0,84180.0,84221.0,84250.0,84291.0,84319.0,84345.0,84388.0,84436.0,84492.0,84548.0,84612.0,84658.0,84698.0,84738.0,84761.0,84790.0,84843.0,84861.0,84894.0,84921.0,84940.0,84979.0
5083598,41400.0,41409.0,41481.0,41521.0,41579.0,41627.0,41713.0,41866.0,41936.0,41999.0,42081.0,42152.0,42197.0,42243.0,42271.0,42305.0,42352.0,42396.0,42429.0,42466.0,42488.0,42520.0,42541.0,42561.0,42595.0,42631.0,42673.0,42715.0,42763.0,42798.0,42832.0,42866.0,42885.0,42909.0,42953.0,42968.0,43007.0,43027.0,43042.0,43078.0
5083600,46800.0,46809.0,46884.0,46926.0,46987.0,47037.0,47127.0,47374.0,47487.0,47563.0,47676.0,47773.0,47808.0,47843.0,47874.0,47913.0,47966.0,48016.0,48049.0,48087.0,48116.0,48157.0,48185.0,48211.0,48254.0,48290.0,48331.0,48372.0,48419.0,48452.0,48496.0,48530.0,48549.0,48573.0,48617.0,48631.0,48667.0,48690.0,48706.0,48744.0
5083602,52200.0,52209.0,52284.0,52326.0,52387.0,52437.0,52527.0,52774.0,52887.0,52963.0,53076.0,53173.0,53208.0,53243.0,53274.0,53313.0,53366.0,53416.0,53449.0,53487.0,53516.0,53557.0,53585.0,53611.0,53654.0,53690.0,53731.0,53772.0,53819.0,53852.0,53896.0,53930.0,53949.0,53973.0,54017.0,54031.0,54067.0,54090.0,54106.0,54144.0
5083604,57600.0,57609.0,57680.0,57719.0,57777.0,57824.0,57910.0,58142.0,58249.0,58346.0,58489.0,58612.0,58656.0,58701.0,58740.0,58788.0,58854.0,58915.0,58954.0,58999.0,59031.0,59077.0,59108.0,59137.0,59185.0,59228.0,59277.0,59326.0,59382.0,59423.0,59471.0,59509.0,59531.0,59558.0,59608.0,59625.0,59648.0,59676.0,59696.0,59733.0
5083606,63000.0,63008.0,63072.0,63107.0,63159.0,63201.0,63278.0,63473.0,63563.0,63690.0,63822.0,63935.0,63962.0,63990.0,64022.0,64062.0,64118.0,64170.0,64222.0,64283.0,64307.0,64342.0,64365.0,64387.0,64424.0,64456.0,64494.0,64531.0,64574.0,64605.0,64638.0,64672.0,64691.0,64715.0,64760.0,64775.0,64817.0,64844.0,64864.0,64893.0
5083608,68400.0,68407.0,68465.0,68497.0,68544.0,68582.0,68651.0,68866.0,68965.0,69050.0,69190.0,69310.0,69344.0,69379.0,69409.0,69446.0,69497.0,69544.0,69585.0,69632.0,69660.0,69700.0,69727.0,69752.0,69796.0,69831.0,69871.0,69911.0,69957.0,69990.0,70025.0,70061.0,70081.0,70107.0,70154.0,70171.0,70198.0,70217.0,70231.0,70267.0
5083610,73800.0,73807.0,73865.0,73897.0,73944.0,73982.0,74051.0,74266.0,74365.0,74450.0,74590.0,74710.0,74744.0,74779.0,74809.0,74846.0,74897.0,74944.0,74985.0,75032.0,75060.0,75100.0,75127.0,75152.0,75196.0,75231.0,75271.0,75311.0,75357.0,75390.0,75425.0,75461.0,75481.0,75507.0,75554.0,75571.0,75598.0,75617.0,75631.0,75667.0
5083612,79200.0,79205.0,79242.0,79263.0,79293.0,79318.0,79362.0,79611.0,79725.0,79796.0,79913.0,80013.0,80046.0,80079.0,80103.0,80133.0,80174.0,80212.0,80238.0,80268.0,80293.0,80328.0,80352.0,80374.0,80411.0,80449.0,80493.0,80537.0,80587.0,80622.0,80658.0,80697.0,80719.0,80747.0,80798.0,80815.0,80850.0,80877.0,80897.0,80931.0
5083614,84600.0,84605.0,84642.0,84663.0,84693.0,84718.0,84762.0,85011.0,85125.0,85196.0,85313.0,85413.0,85446.0,85479.0,85503.0,85533.0,85574.0,85612.0,85638.0,85668.0,85693.0,85728.0,85752.0,85774.0,85811.0,85849.0,85893.0,85937.0,85987.0,86022.0,86058.0,86097.0,86119.0,86147.0,86198.0,86215.0,86250.0,86277.0,86297.0,86331.0
5083876,33000.0,33011.0,33100.0,33149.0,33221.0,33280.0,33387.0,33686.0,33824.0,33898.0,34052.0,34185.0,34221.0,34258.0,34285.0,34318.0,34364.0,34406.0,34440.0,34480.0,34508.0,34548.0,34575.0,34600.0,34643.0,34682.0,34728.0,34773.0,34825.0,34863.0,34903.0,34938.0,34958.0,34983.0,35029.0,35043.0,35075.0,35097.0,35113.0,35151.0
5083878,40200.0,40208.0,40269.0,40303.0,40352.0,40392.0,40465.0,40730.0,40851.0,40935.0,41081.0,41206.0,41242.0,41278.0,41312.0,41354.0,41412.0,41467.0,41502.0,41543.0,41574.0,41618.0,41648.0,41676.0,41721.0,41763.0,41812.0,41861.0,41916.0,41956.0,42000.0,42034.0,42053.0,42077.0,42121.0,42136.0,42174.0,42198.0,42216.0,42254.0
5083880,47400.0,47408.0,47470.0,47504.0,47554.0,47595.0,47670.0,47906.0,48015.0,48109.0,48248.0,48368.0,48415.0,48462.0,48500.0,48547.0,48612.0,48673.0,48715.0,48763.0,48807.0,48870.0,48913.0,48953.0,49020.0,49070.0,49128.0,49186.0,49252.0,49300.0,49351.0,49393.0,49417.0,49447.0,49502.0,49520.0,49572.0,49604.0,49627.0,49668.0
5083882,54600.0,54610.0,54689.0,54733.0,54797.0,54849.0,54942.0,55240.0,55377.0,55474.0,55634.0,55772.0,55841.0,55912.0,55955.0,56008.0,56082.0,56151.0,56203.0,56262.0,56319.0,56400.0,56455.0,56506.0,56592.0,56646.0,56708.0,56770.0,56841.0,56891.0,56953.0,57004.0,57033.0,57069.0,57136.0,57159.0,57221.0,57259.0,57286.0,57331.0
5083884,62100.0,62111.0,62202.0,62252.0,62325.0,62385.0,62494.0,62912.0,63104.0,63219.0,63408.0,63570.0,63686.0,63805.0,63851.0,63908.0,63986.0,64058.0,64110.0,64171.0,64228.0,64310.0,64365.0,64416.0,64504.0,64558.0,64620.0,64682.0,64753.0,64804.0,64865.0,64917.0,64946.0,64983.0,65051.0,65075.0,65128.0,65165.0,65191.0,65234.0
5085875,28800.0,28810.0,28893.0,28939.0,29007.0,29062.0,29163.0,29484.0,29631.0,29707.0,29879.0,30027.0,30072.0,30118.0,30147.0,30183.0,30232.0,30278.0,30319.0,30366.0,30399.0,30446.0,30478.0,30507.0,30556.0,30602.0,30655.0,30708.0,30769.0,30814.0,30859.0,30893.0,30912.0,30936.0,30981.0,30997.0,31046.0,31069.0,31086.0,31130.0
5085877,36600.0,36608.0,36669.0,36703.0,36752.0,36792.0,36865.0,37130.0,37251.0,37335.0,37481.0,37606.0,37642.0,37678.0,37712.0,37754.0,37812.0,37867.0,37902.0,37943.0,37974.0,38018.0,38048.0,38076.0,38121.0,38163.0,38212.0,38261.0,38316.0,38356.0,38400.0,38434.0,38453.0,38477.0,38521.0,38536.0,38574.0,38598.0,38616.0,38654.0
5085879,43800.0,43808.0,43870.0,43904.0,43954.0,43995.0,44070.0,44306.0,44415.0,44509.0,44648.0,44768.0,44815.0,44862.0,44900.0,44947.0,45012.0,45073.0,45115.0,45163.0,45207.0,45270.0,45313.0,45353.0,45420.0,45470.0,45528.0,45586.0,45652.0,45700.0,45751.0,45793.0,45817.0,45847.0,45902.0,45920.0,45972.0,46004.0,46027.0,46068.0
5085881,51000.0,51008.0,51070.0,51104.0,51154.0,51195.0,51270.0,51506.0,51615.0,51709.0,51848.0,51968.0,52015.0,52062.0,52100.0,52147.0,52212.0,52273.0,52315.0,52363.0,52407.0,52470.0,52513.0,52553.0,52620.0,52670.0,52728.0,52786.0,52852.0,52900.0,52951.0,52993.0,53017.0,53047.0,53102.0,53120.0,53172.0,53204.0,53227.0,53268.0
5085883,58200.0,58210.0,58289.0,58333.0,58397.0,58449.0,58542.0,58840.0,58977.0,59074.0,59234.0,59372.0,59441.0,59512.0,59555.0,59608.0,59682.0,59751.0,59803.0,59862.0,59919.0,60000.0,60055.0,60106.0,60192.0,60246.0,60308.0,60370.0,60441.0,60491.0,60553.0,60604.0,60633.0,60669.0,60736.0,60759.0,60821.0,60859.0,60886.0,60931.0
5085885,65700.0,65712.0,65810.0,65864.0,65943.0,66008.0,66125.0,66471.0,66630.0,66733.0,66924.0,67088.0,67162.0,67237.0,67279.0,67331.0,67403.0,67471.0,67520.0,67576.0,67620.0,67682.0,67724.0,67763.0,67829.0,67880.0,67938.0,67996.0,68063.0,68111.0,68171.0,68220.0,68247.0,68282.0,68346.0,68367.0,68418.0,68452.0,68476.0,68520.0
5088826,35400.0,35411.0,35500.0,35549.0,35621.0,35680.0,35787.0,36086.0,36224.0,36298.0,36452.0,36585.0,36621.0,36658.0,36685.0,36718.0,36764.0,36806.0,36840.0,36880.0,36908.0,36948.0,36975.0,37000.0,37043.0,37082.0,37128.0,37173.0,37225.0,37263.0,37303.0,37338.0,37358.0,37383.0,37429.0,37443.0,37475.0,37497.0,37513.0,37551.0
5088828,42600.0,42608.0,42669.0,42703.0,42752.0,42792.0,42865.0,43130.0,43251.0,43335.0,43481.0,43606.0,43642.0,43678.0,43712.0,43754.0,43812.0,43867.0,43902.0,43943.0,43974.0,44018.0,44048.0,44076.0,44121.0,44163.0,44212.0,44261.0,44316.0,44356.0,44400.0,44434.0,44453.0,44477.0,44521.0,44536.0,44574.0,44598.0,44616.0,44654.0
5088830,49800.0,49808.0,49870.0,49904.0,49954.0,49995.0,50070.0,50306.0,50415.0,50509.0,50648.0,50768.0,50815.0,50862.0,50900.0,50947.0,51012.0,51073.0,51115.0,51163.0,51207.0,51270.0,51313.0,51353.0,51420.0,51470.0,51528.0,51586.0,51652.0,51700.0,51751.0,51793.0,51817.0,51847.0,51902.0,51920.0,51972.0,52004.0,52027.0,52068.0
5088832,57000.0,57010.0,57089.0,57133.0,57197.0,57249.0,57342.0,57640.0,57777.0,57874.0,58034.0,58172.0,58241.0,58312.0,58355.0,58408.0,58482.0,58551.0,58603.0,58662.0,58719.0,58800.0,58855.0,58906.0,58992.0,59046.0,59108.0,59170.0,59241.0,59291.0,59353.0,59404.0,59433.0,59469.0,59536.0,59559.0,59621.0,59659.0,59686.0,59731.0
5088834,63900.0,63911.0,64002.0,64052.0,64125.0,64185.0,64294.0,64712.0,64904.0,65019.0,65208.0,65370.0,65486.0,65605.0,65651.0,65708.0,65786.0,65858.0,65910.0,65971.0,66028.0,66110.0,66165.0,66216.0,66304.0,66358.0,66420.0,66482.0,66553.0,66604.0,66665.0,66717.0,66746.0,66783.0,66851.0,66875.0,66928.0,66965.0,66991.0,67034.0
5089253,77400.0,77407.0,77466.0,77499.0,77547.0,77586.0,77656.0,77882.0,77986.0,78066.0,78186.0,78289.0,78329.0,78369.0,78396.0,78429.0,78475.0,78517.0,78550.0,78588.0,78615.0,78654.0,78680.0,78704.0,78745.0,78786.0,78833.0,78880.0,78934.0,78973.0,79014.0,79054.0,79076.0,79104.0,79156.0,79173.0,79204.0,79232.0,79252.0,79288.0
5089255,84600.0,84607.0,84666.0,84699.0,84747.0,84786.0,84856.0,85082.0,85186.0,85266.0,85386.0,85489.0,85529.0,85569.0,85596.0,85629.0,85675.0,85717.0,85750.0,85788.0,85815.0,85854.0,85880.0,85904.0,85945.0,85986.0,86033.0,86080.0,86134.0,86173.0,86214.0,86254.0,86276.0,86304.0,86356.0,86373.0,86404.0,86432.0,86452.0,86488.0
5089382,31800.0,31810.0,31893.0,31939.0,32007.0,32062.0,32163.0,32484.0,32631.0,32707.0,32879.0,33027.0,33072.0,33118.0,33147.0,33183.0,33232.0,33278.0,33319.0,33366.0,33399.0,33446.0,33478.0,33507.0,33556.0,33602.0,33655.0,33708.0,33769.0,33814.0,33859.0,33893.0,33912.0,33936.0,33981.0,33997.0,34046.0,34069.0,34086.0,34130.0
5089384,39000.0,39008.0,39069.0,39103.0,39152.0,39192.0,39265.0,39530.0,39651.0,39735.0,39881.0,40006.0,40042.0,40078.0,40112.0,40154.0,40212.0,40267.0,40302.0,40343.0,40374.0,40418.0,40448.0,40476.0,40521.0,40563.0,40612.0,40661.0,40716.0,40756.0,40800.0,40834.0,40853.0,40877.0,40921.0,40936.0,40974.0,40998.0,41016.0,41054.0
5089386,46200.0,46208.0,46270.0,46304.0,46354.0,46395.0,46470.0,46706.0,46815.0,46909.0,47048.0,47168.0,47215.0,47262.0,47300.0,47347.0,47412.0,47473.0,47515.0,47563.0,47607.0,47670.0,47713.0,47753.0,47820.0,47870.0,47928.0,47986.0,48052.0,48100.0,48151.0,48193.0,48217.0,48247.0,48302.0,48320.0,48372.0,48404.0,48427.0,48468.0
5089388,53400.0,53408.0,53470.0,53504.0,53554.0,53595.0,53670.0,53906.0,54015.0,54109.0,54248.0,54368.0,54415.0,54462.0,54500.0,54547.0,54612.0,54673.0,54715.0,54763.0,54807.0,54870.0,54913.0,54953.0,55020.0,55070.0,55128.0,55186.0,55252.0,55300.0,55351.0,55393.0,55417.0,55447.0,55502.0,55520.0,55572.0,55604.0,55627.0,55668.0
5089390,61200.0,61211.0,61302.0,61352.0,61425.0,61485.0,61594.0,62012.0,62204.0,62319.0,62508.0,62670.0,62786.0,62905.0,62951.0,63008.0,63086.0,63158.0,63210.0,63271.0,63328.0,63410.0,63465.0,63516.0,63604.0,63658.0,63720.0,63782.0,63853.0,63904.0,63965.0,64017.0,64046.0,64083.0,64151.0,64175.0,64228.0,64265.0,64291.0,64334.0
5089392,68400.0,68408.0,68472.0,68508.0,68560.0,68603.0,68679.0,68991.0,69134.0,69217.0,69359.0,69481.0,69528.0,69575.0,69610.0,69654.0,69715.0,69771.0,69812.0,69859.0,69893.0,69941.0,69973.0,70003.0,70054.0,70100.0,70154.0,70207.0,70268.0,70313.0,70368.0,70412.0,70437.0,70468.0,70526.0,70545.0,70581.0,70616.0,70641.0,70679.0
5089394,75600.0,75607.0,75666.0,75699.0,75747.0,75786.0,75856.0,76082.0,76186.0,76266.0,76386.0,76489.0,76529.0,76569.0,76596.0,76629.0,76675.0,76717.0,76750.0,76788.0,76815.0,76854.0,76880.0,76904.0,76945.0,76986.0,77033.0,77080.0,77134.0,77173.0,77214.0,77254.0,77276.0,77304.0,77356.0,77373.0,77404.0,77432.0,77452.0,77488.0
5089396,82800.0,82807.0,82866.0,82899.0,82947.0,82986.0,83056.0,83282.0,83386.0,83466.0,83586.0,83689.0,83729.0,83769.0,83796.0,83829.0,83875.0,83917.0,83950.0,83988.0,84015.0,84054.0,84080.0,84104.0,84145.0,84186.0,84233.0,84280.0,84334.0,84373.0,84414.0,84454.0,84476.0,84504.0,84556.0,84573.0,84604.0,84632.0,84652.0,84688.0
5091228,26100.0,26107.0,26163.0,26194.0,26240.0,26277.0,26345.0,26494.0,26562.0,26638.0,26796.0,26932.0,26976.0,27021.0,27045.0,27075.0,27117.0,27156.0,27198.0,27246.0,27276.0,27319.0,27348.0,27375.0,27421.0,27454.0,27492.0,27530.0,27574.0,27606.0,27644.0,27678.0,27697.0,27721.0,27765.0,27779.0,27850.0,27872.0,27887.0,27925.0
5091230,60300.0,60310.0,60389.0,60433.0,60497.0,60549.0,60642.0,60940.0,61077.0,61174.0,61334.0,61472.0,61541.0,61612.0,61655.0,61708.0,61782.0,61851.0,61903.0,61962.0,62019.0,62100.0,62155.0,62206.0,62292.0,62346.0,62408.0,62470.0,62541.0,62591.0,62653.0,62704.0,62733.0,62769.0,62836.0,62859.0,62921.0,62959.0,62986.0,63031.0
5091232,67500.0,67512.0,67610.0,67664.0,67743.0,67808.0,67925.0,68271.0,68430.0,68533.0,68724.0,68888.0,68962.0,69037.0,69079.0,69131.0,69203.0,69271.0,69320.0,69376.0,69420.0,69482.0,69524.0,69563.0,69629.0,69680.0,69738.0,69796.0,69863.0,69911.0,69971.0,70020.0,70047.0,70082.0,70146.0,70167.0,70218.0,70252.0,70276.0,70320.0
5091242,23400.0,23405.0,23444.0,23465.0,23496.0,23522.0,23568.0,23696.0,23755.0,23816.0,23901.0,23974.0,24003.0,24033.0,24050.0,24071.0,24100.0,24127.0,24157.0,24191.0,24217.0,24255.0,24280.0,24304.0,24344.0,24382.0,24426.0,24470.0,24520.0,24557.0,24595.0,24620.0,24634.0,24652.0,24685.0,24697.0,24722.0,24740.0,24753.0,24789.0
5091244,30600.0,30610.0,30693.0,30739.0,30807.0,30862.0,30963.0,31284.0,31431.0,31507.0,31679.0,31827.0,31872.0,31918.0,31947.0,31983.0,32032.0,32078.0,32119.0,32166.0,32199.0,32246.0,32278.0,32307.0,32356.0,32402.0,32455.0,32508.0,32569.0,32614.0,32659.0,32693.0,32712.0,32736.0,32781.0,32797.0,32846.0,32869.0,32886.0,32930.0
5091246,37800.0,37808.0,37869.0,37903.0,37952.0,37992.0,38065.0,38330.0,38451.0,38535.0,38681.0,38806.0,38842.0,38878.0,38912.0,38954.0,39012.0,39067.0,39102.0,39143.0,39174.0,39218.0,39248.0,39276.0,39321.0,39363.0,39412.0,39461.0,39516.0,39556.0,39600.0,39634.0,39653.0,39677.0,39721.0,39736.0,39774.0,39798.0,39816.0,39854.0
5091248,45000.0,45008.0,45070.0,45104.0,45154.0,45195.0,45270.0,45506.0,45615.0,45709.0,45848.0,45968.0,46015.0,46062.0,46100.0,46147.0,46212.0,46273.0,46315.0,46363.0,46407.0,46470.0,46513.0,46553.0,46620.0,46670.0,46728.0,46786.0,46852.0,46900.0,46951.0,46993.0,47017.0,47047.0,47102.0,47120.0,47172.0,47204.0,47227.0,47268.0
5091250,52200.0,52208.0,52270.0,52304.0,52354.0,52395.0,52470.0,52706.0,52815.0,52909.0,53048.0,53168.0,53215.0,53262.0,53300.0,53347.0,53412.0,53473.0,53515.0,53563.0,53607.0,53670.0,53713.0,53753.0,53820.0,53870.0,53928.0,53986.0,54052.0,54100.0,54151.0,54193.0,54217.0,54247.0,54302.0,54320.0,54372.0,54404.0,54427.0,54468.0
5091252,59400.0,59410.0,59489.0,59533.0,59597.0,59649.0,59742.0,60040.0,60177.0,60274.0,60434.0,60572.0,60641.0,60712.0,60755.0,60808.0,60882.0,60951.0,61003.0,61062.0,61119.0,61200.0,61255.0,61306.0,61392.0,61446.0,61508.0,61570.0,61641.0,61691.0,61753.0,61804.0,61833.0,61869.0,61936.0,61959.0,62021.0,62059.0,62086.0,62131.0
5091254,66600.0,66612.0,66710.0,66764.0,66843.0,66908.0,67025.0,67371.0,67530.0,67633.0,67824.0,67988.0,68062.0,68137.0,68179.0,68231.0,68303.0,68371.0,68420.0,68476.0,68520.0,68582.0,68624.0,68663.0,68729.0,68780.0,68838.0,68896.0,68963.0,69011.0,69071.0,69120.0,69147.0,69182.0,69246.0,69267.0,69318.0,69352.0,69376.0,69420.0
5091256,73800.0,73808.0,73872.0,73908.0,73960.0,74003.0,74079.0,74391.0,74534.0,74617.0,74759.0,74881.0,74928.0,74975.0,75010.0,75054.0,75115.0,75171.0,75212.0,75259.0,75293.0,75341.0,75373.0,75403.0,75454.0,75500.0,75554.0,75607.0,75668.0,75713.0,75768.0,75812.0,75837.0,75868.0,75926.0,75945.0,75981.0,76016.0,76041.0,76079.0
5091258,81000.0,81007.0,81066.0,81099.0,81147.0,81186.0,81256.0,81482.0,81586.0,81666.0,81786.0,81889.0,81929.0,81969.0,81996.0,82029.0,82075.0,82117.0,82150.0,82188.0,82215.0,82254.0,82280.0,82304.0,82345.0,82386.0,82433.0,82480.0,82534.0,82573.0,82614.0,82654.0,82676.0,82704.0,82756.0,82773.0,82804.0,82832.0,82852.0,82888.0
5095543,64800.0,64812.0,64910.0,64964.0,65043.0,65108.0,65225.0,65571.0,65730.0,65833.0,66024.0,66188.0,66262.0,66337.0,66379.0,66431.0,66503.0,66571.0,66620.0,66676.0,66720.0,66782.0,66824.0,66863.0,66929.0,66980.0,67038.0,67096.0,67163.0,67211.0,67271.0,67320.0,67347.0,67382.0,67446.0,67467.0,67518.0,67552.0,67576.0,67620.0
5095545,72000.0,72008.0,72072.0,72108.0,72160.0,72203.0,72279.0,72591.0,72734.0,72817.0,72959.0,73081.0,73128.0,73175.0,73210.0,73254.0,73315.0,73371.0,73412.0,73459.0,73493.0,73541.0,73573.0,73603.0,73654.0,73700.0,73754.0,73807.0,73868.0,73913.0,73968.0,74012.0,74037.0,74068.0,74126.0,74145.0,74181.0,74216.0,74241.0,74279.0
5095547,79200.0,79207.0,79266.0,79299.0,79347.0,79386.0,79456.0,79682.0,79786.0,79866.0,79986.0,80089.0,80129.0,80169.0,80196.0,80229.0,80275.0,80317.0,80350.0,80388.0,80415.0,80454.0,80480.0,80504.0,80545.0,80586.0,80633.0,80680.0,80734.0,80773.0,80814.0,80854.0,80876.0,80904.0,80956.0,80973.0,81004.0,81032.0,81052.0,81088.0
5096696,34200.0,34209.0,34278.0,34316.0,34372.0,34418.0,34500.0,34706.0,34800.0,35040.0,35105.0,35160.0,35219.0,35280.0,35312.0,35352.0,35408.0,35460.0,35516.0,35580.0,35611.0,35655.0,35685.0,35713.0,35760.0,35792.0,35829.0,35866.0,35908.0,35940.0,36000.0,36030.0,36047.0,36068.0,36107.0,36120.0,36180.0,36215.0,36240.0,36300.0
5096698,39600.0,39609.0,39681.0,39721.0,39779.0,39827.0,39913.0,40066.0,40136.0,40199.0,40281.0,40352.0,40397.0,40443.0,40471.0,40505.0,40552.0,40596.0,40629.0,40666.0,40688.0,40720.0,40741.0,40761.0,40795.0,40831.0,40873.0,40915.0,40963.0,40998.0,41032.0,41066.0,41085.0,41109.0,41153.0,41168.0,41207.0,41227.0,41242.0,41278.0
5096700,45000.0,45009.0,45084.0,45126.0,45187.0,45237.0,45327.0,45574.0,45687.0,45763.0,45876.0,45973.0,46008.0,46043.0,46074.0,46113.0,46166.0,46216.0,46249.0,46287.0,46316.0,46357.0,46385.0,46411.0,46454.0,46490.0,46531.0,46572.0,46619.0,46652.0,46696.0,46730.0,46749.0,46773.0,46817.0,46831.0,46867.0,46890.0,46906.0,46944.0
5096704,55800.0,55809.0,55880.0,55919.0,55977.0,56024.0,56110.0,56342.0,56449.0,56546.0,56689.0,56812.0,56856.0,56901.0,56940.0,56988.0,57054.0,57115.0,57154.0,57199.0,57231.0,57277.0,57308.0,57337.0,57385.0,57428.0,57477.0,57526.0,57582.0,57623.0,57671.0,57709.0,57731.0,57758.0,57808.0,57825.0,57848.0,57876.0,57896.0,57933.0
5096706,61200.0,61208.0,61272.0,61307.0,61359.0,61401.0,61478.0,61673.0,61763.0,61890.0,62022.0,62135.0,62162.0,62190.0,62222.0,62262.0,62318.0,62370.0,62422.0,62483.0,62507.0,62542.0,62565.0,62587.0,62624.0,62656.0,62694.0,62731.0,62774.0,62805.0,62838.0,62872.0,62891.0,62915.0,62960.0,62975.0,63017.0,63044.0,63064.0,63093.0
5096708,66600.0,66606.0,66658.0,66687.0,66729.0,66763.0,66825.0,67086.0,67206.0,67275.0,67369.0,67449.0,67481.0,67513.0,67549.0,67593.0,67655.0,67712.0,67758.0,67810.0,67840.0,67883.0,67912.0,67939.0,67985.0,68035.0,68093.0,68151.0,68217.0,68265.0,68303.0,68339.0,68359.0,68384.0,68430.0,68446.0,68475.0,68509.0,68534.0,68568.0
5096710,72000.0,72007.0,72065.0,72097.0,72144.0,72182.0,72251.0,72466.0,72565.0,72650.0,72790.0,72910.0,72944.0,72979.0,73009.0,73046.0,73097.0,73144.0,73185.0,73232.0,73260.0,73300.0,73327.0,73352.0,73396.0,73431.0,73471.0,73511.0,73557.0,73590.0,73625.0,73661.0,73681.0,73707.0,73754.0,73771.0,73798.0,73817.0,73831.0,73867.0
5096714,82800.0,82805.0,82842.0,82863.0,82893.0,82918.0,82962.0,83211.0,83325.0,83396.0,83513.0,83613.0,83646.0,83679.0,83703.0,83733.0,83774.0,83812.0,83838.0,83868.0,83893.0,83928.0,83952.0,83974.0,84011.0,84049.0,84093.0,84137.0,84187.0,84222.0,84258.0,84297.0,84319.0,84347.0,84398.0,84415.0,84450.0,84477.0,84497.0,84531.0
5098205,34200.0,34211.0,34300.0,34349.0,34421.0,34480.0,34587.0,34886.0,35024.0,35098.0,35252.0,35385.0,35421.0,35458.0,35485.0,35518.0,35564.0,35606.0,35640.0,35680.0,35708.0,35748.0,35775.0,35800.0,35843.0,35882.0,35928.0,35973.0,36025.0,36063.0,36103.0,36138.0,36158.0,36183.0,36229.0,36243.0,36275.0,36297.0,36313.0,36351.0
5098207,41400.0,41408.0,41469.0,41503.0,41552.0,41592.0,41665.0,41930.0,42051.0,42135.0,42281.0,42406.0,42442.0,42478.0,42512.0,42554.0,42612.0,42667.0,42702.0,42743.0,42774.0,42818.0,42848.0,42876.0,42921.0,42963.0,43012.0,43061.0,43116.0,43156.0,43200.0,43234.0,43253.0,43277.0,43321.0,43336.0,43374.0,43398.0,43416.0,43454.0
5098209,48600.0,48608.0,48670.0,48704.0,48754.0,48795.0,48870.0,49106.0,49215.0,49309.0,49448.0,49568.0,49615.0,49662.0,49700.0,49747.0,49812.0,49873.0,49915.0,49963.0,50007.0,50070.0,50113.0,50153.0,50220.0,50270.0,50328.0,50386.0,50452.0,50500.0,50551.0,50593.0,50617.0,50647.0,50702.0,50720.0,50772.0,50804.0,50827.0,50868.0
5098211,55800.0,55810.0,55889.0,55933.0,55997.0,56049.0,56142.0,56440.0,56577.0,56674.0,56834.0,56972.0,57041.0,57112.0,57155.0,57208.0,57282.0,57351.0,57403.0,57462.0,57519.0,57600.0,57655.0,57706.0,57792.0,57846.0,57908.0,57970.0,58041.0,58091.0,58153.0,58204.0,58233.0,58269.0,58336.0,58359.0,58421.0,58459.0,58486.0,58531.0
5098213,63000.0,63011.0,63102.0,63152.0,63225.0,63285.0,63394.0,63812.0,64004.0,64119.0,64308.0,64470.0,64586.0,64705.0,64751.0,64808.0,64886.0,64958.0,65010.0,65071.0,65128.0,65210.0,65265.0,65316.0,65404.0,65458.0,65520.0,65582.0,65653.0,65704.0,65765.0,65817.0,65846.0,65883.0,65951.0,65975.0,66028.0,66065.0,66091.0,66134.0
5098215,70200.0,70208.0,70272.0,70308.0,70360.0,70403.0,70479.0,70791.0,70934.0,71017.0,71159.0,71281.0,71328.0,71375.0,71410.0,71454.0,71515.0,71571.0,71612.0,71659.0,71693.0,71741.0,71773.0,71803.0,71854.0,71900.0,71954.0,72007.0,72068.0,72113.0,72168.0,72212.0,72237.0,72268.0,72326.0,72345.0,72381.0,72416.0,72441.0,72479.0
5099843,37800.0,37809.0,37881.0,37921.0,37979.0,38027.0,38113.0,38266.0,38336.0,38399.0,38481.0,38552.0,38597.0,38643.0,38671.0,38705.0,38752.0,38796.0,38829.0,38866.0,38888.0,38920.0,38941.0,38961.0,38995.0,39031.0,39073.0,39115.0,39163.0,39198.0,39232.0,39266.0,39285.0,39309.0,39353.0,39368.0,39407.0,39427.0,39442.0,39478.0
5099845,43200.0,43209.0,43284.0,43326.0,43387.0,43437.0,43527.0,43774.0,43887.0,43963.0,44076.0,44173.0,44208.0,44243.0,44274.0,44313.0,44366.0,44416.0,44449.0,44487.0,44516.0,44557.0,44585.0,44611.0,44654.0,44690.0,44731.0,44772.0,44819.0,44852.0,44896.0,44930.0,44949.0,44973.0,45017.0,45031.0,45067.0,45090.0,45106.0,45144.0
5099851,59400.0,59409.0,59480.0,59519.0,59577.0,59624.0,59710.0,59942.0,60049.0,60146.0,60289.0,60412.0,60456.0,60501.0,60540.0,60588.0,60654.0,60715.0,60754.0,60799.0,60831.0,60877.0,60908.0,60937.0,60985.0,61028.0,61077.0,61126.0,61182.0,61223.0,61271.0,61309.0,61331.0,61358.0,61408.0,61425.0,61448.0,61476.0,61496.0,61533.0
5099853,64800.0,64806.0,64858.0,64887.0,64929.0,64963.0,65025.0,65286.0,65406.0,65475.0,65569.0,65649.0,65681.0,65713.0,65749.0,65793.0,65855.0,65912.0,65958.0,66010.0,66040.0,66083.0,66112.0,66139.0,66185.0,66235.0,66293.0,66351.0,66417.0,66465.0,66503.0,66539.0,66559.0,66584.0,66630.0,66646.0,66675.0,66709.0,66734.0,66768.0
5099855,70200.0,70207.0,70265.0,70297.0,70344.0,70382.0,70451.0,70666.0,70765.0,70850.0,70990.0,71110.0,71144.0,71179.0,71209.0,71246.0,71297.0,71344.0,71385.0,71432.0,71460.0,71500.0,71527.0,71552.0,71596.0,71631.0,71671.0,71711.0,71757.0,71790.0,71825.0,71861.0,71881.0,71907.0,71954.0,71971.0,71998.0,72017.0,72031.0,72067.0
5099857,75600.0,75605.0,75642.0,75663.0,75693.0,75718.0,75762.0,76011.0,76125.0,76196.0,76313.0,76413.0,76446.0,76479.0,76503.0,76533.0,76574.0,76612.0,76638.0,76668.0,76693.0,76728.0,76752.0,76774.0,76811.0,76849.0,76893.0,76937.0,76987.0,77022.0,77058.0,77097.0,77119.0,77147.0,77198.0,77215.0,77250.0,77277.0,77297.0,77331.0
5099859,81000.0,81005.0,81042.0,81063.0,81093.0,81118.0,81162.0,81411.0,81525.0,81596.0,81713.0,81813.0,81846.0,81879.0,81903.0,81933.0,81974.0,82012.0,82038.0,82068.0,82093.0,82128.0,82152.0,82174.0,82211.0,82249.0,82293.0,82337.0,82387.0,82422.0,82458.0,82497.0,82519.0,82547.0,82598.0,82615.0,82650.0,82677.0,82697.0,82731.0
5104983,26100.0,26107.0,26163.0,26194.0,26240.0,26277.0,26345.0,26494.0,26562.0,26638.0,26796.0,26932.0,26976.0,27021.0,27045.0,27075.0,27117.0,27156.0,27198.0,27246.0,27276.0,27319.0,27348.0,27375.0,27421.0,27454.0,27492.0,27530.0,27574.0,27606.0,27644.0,27678.0,27697.0,27721.0,27765.0,27779.0,27850.0,27872.0,27887.0,27925.0
5104985,60300.0,60310.0,60389.0,60433.0,60497.0,60549.0,60642.0,60940.0,61077.0,61174.0,61334.0,61472.0,61541.0,61612.0,61655.0,61708.0,61782.0,61851.0,61903.0,61962.0,62019.0,62100.0,62155.0,62206.0,62292.0,62346.0,62408.0,62470.0,62541.0,62591.0,62653.0,62704.0,62733.0,62769.0,62836.0,62859.0,62921.0,62959.0,62986.0,63031.0
5104987,67500.0,67512.0,67610.0,67664.0,67743.0,67808.0,67925.0,68271.0,68430.0,68533.0,68724.0,68888.0,68962.0,69037.0,69079.0,69131.0,69203.0,69271.0,69320.0,69376.0,69420.0,69482.0,69524.0,69563.0,69629.0,69680.0,69738.0,69796.0,69863.0,69911.0,69971.0,70020.0,70047.0,70082.0,70146.0,70167.0,70218.0,70252.0,70276.0,70320.0
5105181,31800.0,31810.0,31893.0,31939.0,32007.0,32062.0,32163.0,32484.0,32631.0,32707.0,32879.0,33027.0,33072.0,33118.0,33147.0,33183.0,33232.0,33278.0,33319.0,33366.0,33399.0,33446.0,33478.0,33507.0,33556.0,33602.0,33655.0,33708.0,33769.0,33814.0,33859.0,33893.0,33912.0,33936.0,33981.0,33997.0,34046.0,34069.0,34086.0,34130.0
5105869,39000.0,39008.0,39069.0,39103.0,39152.0,39192.0,39265.0,39530.0,39651.0,39735.0,39881.0,40006.0,40042.0,40078.0,40112.0,40154.0,40212.0,40267.0,40302.0,40343.0,40374.0,40418.0,40448.0,40476.0,40521.0,40563.0,40612.0,40661.0,40716.0,40756.0,40800.0,40834.0,40853.0,40877.0,40921.0,40936.0,40974.0,40998.0,41016.0,41054.0
5105871,46200.0,46208.0,46270.0,46304.0,46354.0,46395.0,46470.0,46706.0,46815.0,46909.0,47048.0,47168.0,47215.0,47262.0,47300.0,47347.0,47412.0,47473.0,47515.0,47563.0,47607.0,47670.0,47713.0,47753.0,47820.0,47870.0,47928.0,47986.0,48052.0,48100.0,48151.0,48193.0,48217.0,48247.0,48302.0,48320.0,48372.0,48404.0,48427.0,48468.0
5105873,53400.0,53408.0,53470.0,53504.0,53554.0,53595.0,53670.0,53906.0,54015.0,54109.0,54248.0,54368.0,54415.0,54462.0,54500.0,54547.0,54612.0,54673.0,54715.0,54763.0,54807.0,54870.0,54913.0,54953.0,55020.0,55070.0,55128.0,55186.0,55252.0,55300.0,55351.0,55393.0,55417.0,55447.0,55502.0,55520.0,55572.0,55604.0,55627.0,55668.0
5105875,61200.0,61211.0,61302.0,61352.0,61425.0,61485.0,61594.0,62012.0,62204.0,62319.0,62508.0,62670.0,62786.0,62905.0,62951.0,63008.0,63086.0,63158.0,63210.0,63271.0,63328.0,63410.0,63465.0,63516.0,63604.0,63658.0,63720.0,63782.0,63853.0,63904.0,63965.0,64017.0,64046.0,64083.0,64151.0,64175.0,64228.0,64265.0,64291.0,64334.0
5105877,68400.0,68408.0,68472.0,68508.0,68560.0,68603.0,68679.0,68991.0,69134.0,69217.0,69359.0,69481.0,69528.0,69575.0,69610.0,69654.0,69715.0,69771.0,69812.0,69859.0,69893.0,69941.0,69973.0,70003.0,70054.0,70100.0,70154.0,70207.0,70268.0,70313.0,70368.0,70412.0,70437.0,70468.0,70526.0,70545.0,70581.0,70616.0,70641.0,70679.0
5105879,75600.0,75607.0,75666.0,75699.0,75747.0,75786.0,75856.0,76082.0,76186.0,76266.0,76386.0,76489.0,76529.0,76569.0,76596.0,76629.0,76675.0,76717.0,76750.0,76788.0,76815.0,76854.0,76880.0,76904.0,76945.0,76986.0,77033.0,77080.0,77134.0,77173.0,77214.0,77254.0,77276.0,77304.0,77356.0,77373.0,77404.0,77432.0,77452.0,77488.0
5105881,82800.0,82807.0,82866.0,82899.0,82947.0,82986.0,83056.0,83282.0,83386.0,83466.0,83586.0,83689.0,83729.0,83769.0,83796.0,83829.0,83875.0,83917.0,83950.0,83988.0,84015.0,84054.0,84080.0,84104.0,84145.0,84186.0,84233.0,84280.0,84334.0,84373.0,84414.0,84454.0,84476.0,84504.0,84556.0,84573.0,84604.0,84632.0,84652.0,84688.0
5107401,35400.0,35411.0,35500.0,35549.0,35621.0,35680.0,35787.0,36086.0,36224.0,36298.0,36452.0,36585.0,36621.0,36658.0,36685.0,36718.0,36764.0,36806.0,36840.0,36880.0,36908.0,36948.0,36975.0,37000.0,37043.0,37082.0,37128.0,37173.0,37225.0,37263.0,37303.0,37338.0,37358.0,37383.0,37429.0,37443.0,37475.0,37497.0,37513.0,37551.0
5107403,42600.0,42608.0,42669.0,42703.0,42752.0,42792.0,42865.0,43130.0,43251.0,43335.0,43481.0,43606.0,43642.0,43678.0,43712.0,43754.0,43812.0,43867.0,43902.0,43943.0,43974.0,44018.0,44048.0,44076.0,44121.0,44163.0,44212.0,44261.0,44316.0,44356.0,44400.0,44434.0,44453.0,44477.0,44521.0,44536.0,44574.0,44598.0,44616.0,44654.0
5107405,49800.0,49808.0,49870.0,49904.0,49954.0,49995.0,50070.0,50306.0,50415.0,50509.0,50648.0,50768.0,50815.0,50862.0,50900.0,50947.0,51012.0,51073.0,51115.0,51163.0,51207.0,51270.0,51313.0,51353.0,51420.0,51470.0,51528.0,51586.0,51652.0,51700.0,51751.0,51793.0,51817.0,51847.0,51902.0,51920.0,51972.0,52004.0,52027.0,52068.0
5107407,57000.0,57010.0,57089.0,57133.0,57197.0,57249.0,57342.0,57640.0,57777.0,57874.0,58034.0,58172.0,58241.0,58312.0,58355.0,58408.0,58482.0,58551.0,58603.0,58662.0,58719.0,58800.0,58855.0,58906.0,58992.0,59046.0,59108.0,59170.0,59241.0,59291.0,59353.0,59404.0,59433.0,59469.0,59536.0,59559.0,59621.0,59659.0,59686.0,59731.0
5110401,28800.0,28810.0,28893.0,28939.0,29007.0,29062.0,29163.0,29484.0,29631.0,29707.0,29879.0,30027.0,30072.0,30118.0,30147.0,30183.0,30232.0,30278.0,30319.0,30366.0,30399.0,30446.0,30478.0,30507.0,30556.0,30602.0,30655.0,30708.0,30769.0,30814.0,30859.0,30893.0,30912.0,30936.0,30981.0,30997.0,31046.0,31069.0,31086.0,31130.0
5110403,36600.0,36608.0,36669.0,36703.0,36752.0,36792.0,36865.0,37130.0,37251.0,37335.0,37481.0,37606.0,37642.0,37678.0,37712.0,37754.0,37812.0,37867.0,37902.0,37943.0,37974.0,38018.0,38048.0,38076.0,38121.0,38163.0,38212.0,38261.0,38316.0,38356.0,38400.0,38434.0,38453.0,38477.0,38521.0,38536.0,38574.0,38598.0,38616.0,38654.0
5110405,43800.0,43808.0,43870.0,43904.0,43954.0,43995.0,44070.0,44306.0,44415.0,44509.0,44648.0,44768.0,44815.0,44862.0,44900.0,44947.0,45012.0,45073.0,45115.0,45163.0,45207.0,45270.0,45313.0,45353.0,45420.0,45470.0,45528.0,45586.0,45652.0,45700.0,45751.0,45793.0,45817.0,45847.0,45902.0,45920.0,45972.0,46004.0,46027.0,46068.0
5110407,51000.0,51008.0,51070.0,51104.0,51154.0,51195.0,51270.0,51506.0,51615.0,51709.0,51848.0,51968.0,52015.0,52062.0,52100.0,52147.0,52212.0,52273.0,52315.0,52363.0,52407.0,52470.0,52513.0,52553.0,52620.0,52670.0,52728.0,52786.0,52852.0,52900.0,52951.0,52993.0,53017.0,53047.0,53102.0,53120.0,53172.0,53204.0,53227.0,53268.0
5110409,58200.0,58210.0,58289.0,58333.0,58397.0,58449.0,58542.0,58840.0,58977.0,59074.0,59234.0,59372.0,59441.0,59512.0,59555.0,59608.0,59682.0,59751.0,59803.0,59862.0,59919.0,60000.0,60055.0,60106.0,60192.0,60246.0,60308.0,60370.0,60441.0,60491.0,60553.0,60604.0,60633.0,60669.0,60736.0,60759.0,60821.0,60859.0,60886.0,60931.0
5110411,65700.0,65712.0,65810.0,65864.0,65943.0,66008.0,66125.0,66471.0,66630.0,66733.0,66924.0,67088.0,67162.0,67237.0,67279.0,67331.0,67403.0,67471.0,67520.0,67576.0,67620.0,67682.0,67724.0,67763.0,67829.0,67880.0,67938.0,67996.0,68063.0,68111.0,68171.0,68220.0,68247.0,68282.0,68346.0,68367.0,68418.0,68452.0,68476.0,68520.0
5111068,77400.0,77407.0,77466.0,77499.0,77547.0,77586.0,77656.0,77882.0,77986.0,78066.0,78186.0,78289.0,78329.0,78369.0,78396.0,78429.0,78475.0,78517.0,78550.0,78588.0,78615.0,78654.0,78680.0,78704.0,78745.0,78786.0,78833.0,78880.0,78934.0,78973.0,79014.0,79054.0,79076.0,79104.0,79156.0,79173.0,79204.0,79232.0,79252.0,79288.0
5111070,84600.0,84607.0,84666.0,84699.0,84747.0,84786.0,84856.0,85082.0,85186.0,85266.0,85386.0,85489.0,85529.0,85569.0,85596.0,85629.0,85675.0,85717.0,85750.0,85788.0,85815.0,85854.0,85880.0,85904.0,85945.0,85986.0,86033.0,86080.0,86134.0,86173.0,86214.0,86254.0,86276.0,86304.0,86356.0,86373.0,86404.0,86432.0,86452.0,86488.0
5115210,23400.0,23405.0,23444.0,23465.0,23496.0,23522.0,23568.0,23696.0,23755.0,23816.0,23901.0,23974.0,24003.0,24033.0,24050.0,24071.0,24100.0,24127.0,24157.0,24191.0,24217.0,24255.0,24280.0,24304.0,24344.0,24382.0,24426.0,24470.0,24520.0,24557.0,24595.0,24620.0,24634.0,24652.0,24685.0,24697.0,24722.0,24740.0,24753.0,24789.0
5115212,30600.0,30610.0,30693.0,30739.0,30807.0,30862.0,30963.0,31284.0,31431.0,31507.0,31679.0,31827.0,31872.0,31918.0,31947.0,31983.0,32032.0,32078.0,32119.0,32166.0,32199.0,32246.0,32278.0,32307.0,32356.0,32402.0,32455.0,32508.0,32569.0,32614.0,32659.0,32693.0,32712.0,32736.0,32781.0,32797.0,32846.0,32869.0,32886.0,32930.0
5115215,45000.0,45008.0,45070.0,45104.0,45154.0,45195.0,45270.0,45506.0,45615.0,45709.0,45848.0,45968.0,46015.0,46062.0,46100.0,46147.0,46212.0,46273.0,46315.0,46363.0,46407.0,46470.0,46513.0,46553.0,46620.0,46670.0,46728.0,46786.0,46852.0,46900.0,46951.0,46993.0,47017.0,47047.0,47102.0,47120.0,47172.0,47204.0,47227.0,47268.0
5115217,52200.0,52208.0,52270.0,52304.0,52354.0,52395.0,52470.0,52706.0,52815.0,52909.0,53048.0,53168.0,53215.0,53262.0,53300.0,53347.0,53412.0,53473.0,53515.0,53563.0,53607.0,53670.0,53713.0,53753.0,53820.0,53870.0,53928.0,53986.0,54052.0,54100.0,54151.0,54193.0,54217.0,54247.0,54302.0,54320.0,54372.0,54404.0,54427.0,54468.0
5115219,59400.0,59410.0,59489.0,59533.0,59597.0,59649.0,59742.0,60040.0,60177.0,60274.0,60434.0,60572.0,60641.0,60712.0,60755.0,60808.0,60882.0,60951.0,61003.0,61062.0,61119.0,61200.0,61255.0,61306.0,61392.0,61446.0,61508.0,61570.0,61641.0,61691.0,61753.0,61804.0,61833.0,61869.0,61936.0,61959.0,62021.0,62059.0,62086.0,62131.0
5115221,66600.0,66612.0,66710.0,66764.0,66843.0,66908.0,67025.0,67371.0,67530.0,67633.0,67824.0,67988.0,68062.0,68137.0,68179.0,68231.0,68303.0,68371.0,68420.0,68476.0,68520.0,68582.0,68624.0,68663.0,68729.0,68780.0,68838.0,68896.0,68963.0,69011.0,69071.0,69120.0,69147.0,69182.0,69246.0,69267.0,69318.0,69352.0,69376.0,69420.0
5115223,73800.0,73808.0,73872.0,73908.0,73960.0,74003.0,74079.0,74391.0,74534.0,74617.0,74759.0,74881.0,74928.0,74975.0,75010.0,75054.0,75115.0,75171.0,75212.0,75259.0,75293.0,75341.0,75373.0,75403.0,75454.0,75500.0,75554.0,75607.0,75668.0,75713.0,75768.0,75812.0,75837.0,75868.0,75926.0,75945.0,75981.0,76016.0,76041.0,76079.0
5115225,81000.0,81007.0,81066.0,81099.0,81147.0,81186.0,81256.0,81482.0,81586.0,81666.0,81786.0,81889.0,81929.0,81969.0,81996.0,82029.0,82075.0,82117.0,82150.0,82188.0,82215.0,82254.0,82280.0,82304.0,82345.0,82386.0,82433.0,82480.0,82534.0,82573.0,82614.0,82654.0,82676.0,82704.0,82756.0,82773.0,82804.0,82832.0,82852.0,82888.0
5115400,37800.0,37808.0,37869.0,37903.0,37952.0,37992.0,38065.0,38330.0,38451.0,38535.0,38681.0,38806.0,38842.0,38878.0,38912.0,38954.0,39012.0,39067.0,39102.0,39143.0,39174.0,39218.0,39248.0,39276.0,39321.0,39363.0,39412.0,39461.0,39516.0,39556.0,39600.0,39634.0,39653.0,39677.0,39721.0,39736.0,39774.0,39798.0,39816.0,39854.0
5116022,34200.0,34211.0,34300.0,34349.0,34421.0,34480.0,34587.0,34886.0,35024.0,35098.0,35252.0,35385.0,35421.0,35458.0,35485.0,35518.0,35564.0,35606.0,35640.0,35680.0,35708.0,35748.0,35775.0,35800.0,35843.0,35882.0,35928.0,35973.0,36025.0,36063.0,36103.0,36138.0,36158.0,36183.0,36229.0,36243.0,36275.0,36297.0,36313.0,36351.0
5116024,41400.0,41408.0,41469.0,41503.0,41552.0,41592.0,41665.0,41930.0,42051.0,42135.0,42281.0,42406.0,42442.0,42478.0,42512.0,42554.0,42612.0,42667.0,42702.0,42743.0,42774.0,42818.0,42848.0,42876.0,42921.0,42963.0,43012.0,43061.0,43116.0,43156.0,43200.0,43234.0,43253.0,43277.0,43321.0,43336.0,43374.0,43398.0,43416.0,43454.0
5116026,48600.0,48608.0,48670.0,48704.0,48754.0,48795.0,48870.0,49106.0,49215.0,49309.0,49448.0,49568.0,49615.0,49662.0,49700.0,49747.0,49812.0,49873.0,49915.0,49963.0,50007.0,50070.0,50113.0,50153.0,50220.0,50270.0,50328.0,50386.0,50452.0,50500.0,50551.0,50593.0,50617.0,50647.0,50702.0,50720.0,50772.0,50804.0,50827.0,50868.0
5116028,55800.0,55810.0,55889.0,55933.0,55997.0,56049.0,56142.0,56440.0,56577.0,56674.0,56834.0,56972.0,57041.0,57112.0,57155.0,57208.0,57282.0,57351.0,57403.0,57462.0,57519.0,57600.0,57655.0,57706.0,57792.0,57846.0,57908.0,57970.0,58041.0,58091.0,58153.0,58204.0,58233.0,58269.0,58336.0,58359.0,58421.0,58459.0,58486.0,58531.0
5116030,63000.0,63011.0,63102.0,63152.0,63225.0,63285.0,63394.0,63812.0,64004.0,64119.0,64308.0,64470.0,64586.0,64705.0,64751.0,64808.0,64886.0,64958.0,65010.0,65071.0,65128.0,65210.0,65265.0,65316.0,65404.0,65458.0,65520.0,65582.0,65653.0,65704.0,65765.0,65817.0,65846.0,65883.0,65951.0,65975.0,66028.0,66065.0,66091.0,66134.0
5116032,70200.0,70208.0,70272.0,70308.0,70360.0,70403.0,70479.0,70791.0,70934.0,71017.0,71159.0,71281.0,71328.0,71375.0,71410.0,71454.0,71515.0,71571.0,71612.0,71659.0,71693.0,71741.0,71773.0,71803.0,71854.0,71900.0,71954.0,72007.0,72068.0,72113.0,72168.0,72212.0,72237.0,72268.0,72326.0,72345.0,72381.0,72416.0,72441.0,72479.0
5116374,33000.0,33011.0,33100.0,33149.0,33221.0,33280.0,33387.0,33686.0,33824.0,33898.0,34052.0,34185.0,34221.0,34258.0,34285.0,34318.0,34364.0,34406.0,34440.0,34480.0,34508.0,34548.0,34575.0,34600.0,34643.0,34682.0,34728.0,34773.0,34825.0,34863.0,34903.0,34938.0,34958.0,34983.0,35029.0,35043.0,35075.0,35097.0,35113.0,35151.0
5116376,40200.0,40208.0,40269.0,40303.0,40352.0,40392.0,40465.0,40730.0,40851.0,40935.0,41081.0,41206.0,41242.0,41278.0,41312.0,41354.0,41412.0,41467.0,41502.0,41543.0,41574.0,41618.0,41648.0,41676.0,41721.0,41763.0,41812.0,41861.0,41916.0,41956.0,42000.0,42034.0,42053.0,42077.0,42121.0,42136.0,42174.0,42198.0,42216.0,42254.0
5116378,47400.0,47408.0,47470.0,47504.0,47554.0,47595.0,47670.0,47906.0,48015.0,48109.0,48248.0,48368.0,48415.0,48462.0,48500.0,48547.0,48612.0,48673.0,48715.0,48763.0,48807.0,48870.0,48913.0,48953.0,49020.0,49070.0,49128.0,49186.0,49252.0,49300.0,49351.0,49393.0,49417.0,49447.0,49502.0,49520.0,49572.0,49604.0,49627.0,49668.0
5116380,54600.0,54610.0,54689.0,54733.0,54797.0,54849.0,54942.0,55240.0,55377.0,55474.0,55634.0,55772.0,55841.0,55912.0,55955.0,56008.0,56082.0,56151.0,56203.0,56262.0,56319.0,56400.0,56455.0,56506.0,56592.0,56646.0,56708.0,56770.0,56841.0,56891.0,56953.0,57004.0,57033.0,57069.0,57136.0,57159.0,57221.0,57259.0,57286.0,57331.0
5116680,64800.0,64812.0,64910.0,64964.0,65043.0,65108.0,65225.0,65571.0,65730.0,65833.0,66024.0,66188.0,66262.0,66337.0,66379.0,66431.0,66503.0,66571.0,66620.0,66676.0,66720.0,66782.0,66824.0,66863.0,66929.0,66980.0,67038.0,67096.0,67163.0,67211.0,67271.0,67320.0,67347.0,67382.0,67446.0,67467.0,67518.0,67552.0,67576.0,67620.0
5116682,72000.0,72008.0,72072.0,72108.0,72160.0,72203.0,72279.0,72591.0,72734.0,72817.0,72959.0,73081.0,73128.0,73175.0,73210.0,73254.0,73315.0,73371.0,73412.0,73459.0,73493.0,73541.0,73573.0,73603.0,73654.0,73700.0,73754.0,73807.0,73868.0,73913.0,73968.0,74012.0,74037.0,74068.0,74126.0,74145.0,74181.0,74216.0,74241.0,74279.0
5116684,79200.0,79207.0,79266.0,79299.0,79347.0,79386.0,79456.0,79682.0,79786.0,79866.0,79986.0,80089.0,80129.0,80169.0,80196.0,80229.0,80275.0,80317.0,80350.0,80388.0,80415.0,80454.0,80480.0,80504.0,80545.0,80586.0,80633.0,80680.0,80734.0,80773.0,80814.0,80854.0,80876.0,80904.0,80956.0,80973.0,81004.0,81032.0,81052.0,81088.0
