tripid,001_P,002_P,003_P,004_P,005_P,006_P,007_P,008_P,009_P,010_P,011_P,012_P,013_P,014_P,015_P,016_P,017_P,018_P,019_P,020_P,021_P,022_P,023_P,024_P,025_P,026_P,027_P,028_P,029_P,030_P,031_P,032_P,033_P,034_P,035_P,036_P,037_P,038_P,039_P,040_P,041_P,042_P,043_P,044_P,045_P,046_P,047_P,048_P,049_P,050_P
0,7649.0,395.0,396.0,397.0,398.0,399.0,400.0,7581.0,1283.0,7579.0,1285.0,1016.0,1017.0,1018.0,1019.0,1020.0,1076.0,1077.0,1078.0,1079.0,1080.0,1081.0,2914.0,2915.0,2916.0,2917.0,2918.0,1300.0,1301.0,1302.0,1303.0,5129.0,5130.0,1135.0,7064.0,7066.0,2924.0,2925.0,7442.0,7446.0,7070.0,7445.0,6339.0,6324.0,6325.0,6341.0,6277.0,6278.0,6279.0,6280.0
5005318,29220.0,29229.0,29303.0,29344.0,29404.0,29453.0,29541.0,29804.0,29925.0,30003.0,30161.0,30297.0,30356.0,30416.0,30450.0,30492.0,30550.0,30603.0,30645.0,30693.0,30732.0,30788.0,30833.0,30870.0,30934.0,30974.0,31022.0,31093.0,31151.0,31176.0,31220.0,31271.0,31361.0,31457.0,31567.0,31645.0,31726.0,31777.0,31830.0,31894.0,31935.0,31976.0,32002.0,32051.0,32082.0,32142.0,32184.0,32241.0,32398.0,32473.0
5005320,38400.0,38409.0,38478.0,38516.0,38572.0,38618.0,38700.0,38995.0,39131.0,39219.0,39369.0,39498.0,39543.0,39589.0,39623.0,39665.0,39723.0,39777.0,39820.0,39870.0,39906.0,39958.0,40000.0,40034.0,40087.0,40120.0,40160.0,40219.0,40268.0,40297.0,40342.0,40390.0,40474.0,40562.0,40638.0,40691.0,40746.0,40790.0,40833.0,40885.0,40929.0,40973.0,41000.0,41052.0,41085.0,41149.0,41192.0,41227.0,41324.0,41371.0
5005322,48000.0,48009.0,48078.0,48116.0,48172.0,48218.0,48300.0,48595.0,48731.0,48819.0,48969.0,49098.0,49143.0,49189.0,49223.0,49265.0,49323.0,49377.0,49420.0,49470.0,49506.0,49558.0,49600.0,49634.0,49687.0,49720.0,49760.0,49819.0,49868.0,49897.0,49942.0,49990.0,50074.0,50162.0,50238.0,50291.0,50346.0,50390.0,50433.0,50485.0,50529.0,50573.0,50600.0,50652.0,50685.0,50749.0,50792.0,50827.0,50924.0,50971.0
5005324,57600.0,57611.0,57697.0,57745.0,57815.0,57872.0,57975.0,58281.0,58422.0,58529.0,58691.0,58831.0,58917.0,59004.0,59049.0,59105.0,59183.0,59256.0,59305.0,59361.0,59414.0,59490.0,59551.0,59599.0,59680.0,59730.0,59791.0,59880.0,59954.0,59993.0,60049.0,60106.0,60206.0,60311.0,60396.0,60456.0,60517.0,60572.0,60626.0,60690.0,60735.0,60780.0,60808.0,60861.0,60895.0,60961.0,61005.0,61030.0,61099.0,61132.0
5005326,66300.0,66312.0,66408.0,66461.0,66538.0,66602.0,66716.0,67057.0,67214.0,67321.0,67518.0,67688.0,67752.0,67818.0,67860.0,67912.0,67984.0,68050.0,68096.0,68150.0,68196.0,68262.0,68315.0,68358.0,68419.0,68457.0,68503.0,68570.0,68625.0,68662.0,68714.0,68766.0,68858.0,68956.0,69024.0,69072.0,69121.0,69169.0,69222.0,69284.0,69325.0,69366.0,69392.0,69441.0,69472.0,69533.0,69575.0,69597.0,69657.0,69686.0
5005877,39600.0,39609.0,39678.0,39716.0,39772.0,39818.0,39900.0,40195.0,40331.0,40419.0,40569.0,40698.0,40743.0,40789.0,40823.0,40865.0,40923.0,40977.0,41020.0,41070.0,41106.0,41158.0,41200.0,41234.0,41287.0,41320.0,41360.0,41419.0,41468.0,41497.0,41542.0,41590.0,41674.0,41762.0,41838.0,41891.0,41946.0,41990.0,42033.0,42085.0,42129.0,42173.0,42200.0,42252.0,42285.0,42349.0,42392.0,42427.0,42524.0,42571.0
5005879,49200.0,49209.0,49278.0,49316.0,49372.0,49418.0,49500.0,49795.0,49931.0,50019.0,50169.0,50298.0,50343.0,50389.0,50423.0,50465.0,50523.0,50577.0,50620.0,50670.0,50706.0,50758.0,50800.0,50834.0,50887.0,50920.0,50960.0,51019.0,51068.0,51097.0,51142.0,51190.0,51274.0,51362.0,51438.0,51491.0,51546.0,51590.0,51633.0,51685.0,51729.0,51773.0,51800.0,51852.0,51885.0,51949.0,51992.0,52027.0,52124.0,52171.0
5005881,58800.0,58811.0,58897.0,58945.0,59015.0,59072.0,59175.0,59481.0,59622.0,59729.0,59891.0,60031.0,60117.0,60204.0,60249.0,60305.0,60383.0,60456.0,60505.0,60561.0,60614.0,60690.0,60751.0,60799.0,60880.0,60930.0,60991.0,61080.0,61154.0,61193.0,61249.0,61306.0,61406.0,61511.0,61596.0,61656.0,61717.0,61772.0,61826.0,61890.0,61935.0,61980.0,62008.0,62061.0,62095.0,62161.0,62205.0,62230.0,62299.0,62332.0
5005883,67200.0,67212.0,67308.0,67361.0,67438.0,67502.0,67616.0,67957.0,68114.0,68221.0,68418.0,68588.0,68652.0,68718.0,68760.0,68812.0,68884.0,68950.0,68996.0,69050.0,69096.0,69162.0,69215.0,69258.0,69319.0,69357.0,69403.0,69470.0,69525.0,69562.0,69614.0,69666.0,69758.0,69856.0,69924.0,69972.0,70021.0,70069.0,70122.0,70184.0,70225.0,70266.0,70292.0,70341.0,70372.0,70433.0,70475.0,70497.0,70557.0,70586.0
5006465,32400.0,32409.0,32481.0,32521.0,32579.0,32627.0,32712.0,32886.0,32966.0,33033.0,33151.0,33253.0,33288.0,33323.0,33347.0,33377.0,33419.0,33458.0,33501.0,33550.0,33575.0,33611.0,33640.0,33662.0,33705.0,33732.0,33765.0,33813.0,33853.0,33879.0,33907.0,33942.0,34004.0,34069.0,34122.0,34159.0,34197.0,34221.0,34255.0,34296.0,34383.0,34470.0,34524.0,34627.0,34693.0,34820.0,34906.0,34941.0,35038.0,35085.0
5006467,39600.0,39607.0,39665.0,39697.0,39744.0,39783.0,39854.0,40097.0,40209.0,40274.0,40372.0,40456.0,40490.0,40525.0,40555.0,40592.0,40643.0,40689.0,40724.0,40765.0,40795.0,40838.0,40873.0,40902.0,40954.0,40986.0,41025.0,41082.0,41130.0,41160.0,41202.0,41247.0,41327.0,41412.0,41475.0,41519.0,41565.0,41601.0,41640.0,41687.0,41738.0,41789.0,41821.0,41882.0,41921.0,41996.0,42049.0,42079.0,42163.0,42204.0
5006469,46800.0,46807.0,46861.0,46891.0,46935.0,46971.0,47037.0,47318.0,47447.0,47553.0,47686.0,47800.0,47835.0,47871.0,47909.0,47956.0,48021.0,48080.0,48125.0,48177.0,48213.0,48265.0,48307.0,48340.0,48398.0,48434.0,48478.0,48542.0,48595.0,48622.0,48658.0,48710.0,48802.0,48900.0,48974.0,49026.0,49081.0,49122.0,49168.0,49223.0,49258.0,49293.0,49315.0,49357.0,49384.0,49435.0,49470.0,49502.0,49592.0,49635.0
5006471,54000.0,54008.0,54074.0,54111.0,54164.0,54208.0,54287.0,54671.0,54847.0,54934.0,55078.0,55201.0,55241.0,55282.0,55327.0,55383.0,55461.0,55533.0,55583.0,55641.0,55684.0,55745.0,55794.0,55834.0,55892.0,55929.0,55973.0,56038.0,56091.0,56117.0,56157.0,56201.0,56278.0,56360.0,56447.0,56509.0,56573.0,56624.0,56668.0,56720.0,56759.0,56798.0,56822.0,56868.0,56898.0,56955.0,56994.0,57019.0,57087.0,57119.0
5006473,61200.0,61207.0,61263.0,61294.0,61339.0,61376.0,61442.0,61747.0,61887.0,61971.0,62121.0,62250.0,62301.0,62353.0,62387.0,62430.0,62489.0,62544.0,62580.0,62621.0,62661.0,62719.0,62765.0,62803.0,62861.0,62898.0,62942.0,63007.0,63060.0,63105.0,63148.0,63206.0,63307.0,63414.0,63489.0,63542.0,63597.0,63646.0,63697.0,63757.0,63798.0,63839.0,63865.0,63914.0,63945.0,64006.0,64049.0,64074.0,64145.0,64179.0
5006475,68400.0,68407.0,68466.0,68498.0,68545.0,68584.0,68655.0,69027.0,69198.0,69294.0,69448.0,69580.0,69623.0,69667.0,69698.0,69737.0,69790.0,69840.0,69882.0,69931.0,69970.0,70026.0,70071.0,70106.0,70149.0,70176.0,70208.0,70256.0,70295.0,70319.0,70349.0,70390.0,70462.0,70538.0,70596.0,70637.0,70680.0,70723.0,70762.0,70809.0,70848.0,70887.0,70911.0,70957.0,70986.0,71043.0,71082.0,71106.0,71173.0,71206.0
5007139,37200.0,37207.0,37265.0,37297.0,37344.0,37383.0,37454.0,37697.0,37809.0,37874.0,37972.0,38056.0,38090.0,38125.0,38155.0,38192.0,38243.0,38289.0,38324.0,38365.0,38395.0,38438.0,38473.0,38502.0,38554.0,38586.0,38625.0,38682.0,38730.0,38760.0,38802.0,38847.0,38927.0,39012.0,39075.0,39119.0,39165.0,39201.0,39240.0,39287.0,39338.0,39389.0,39421.0,39482.0,39521.0,39596.0,39649.0,39679.0,39763.0,39804.0
5007141,44400.0,44407.0,44461.0,44491.0,44535.0,44571.0,44637.0,44918.0,45047.0,45153.0,45286.0,45400.0,45435.0,45471.0,45509.0,45556.0,45621.0,45680.0,45725.0,45777.0,45813.0,45865.0,45907.0,45940.0,45998.0,46034.0,46078.0,46142.0,46195.0,46222.0,46258.0,46310.0,46402.0,46500.0,46574.0,46626.0,46681.0,46722.0,46768.0,46823.0,46858.0,46893.0,46915.0,46957.0,46984.0,47035.0,47070.0,47102.0,47192.0,47235.0
5007145,58800.0,58808.0,58874.0,58911.0,58964.0,59008.0,59087.0,59471.0,59647.0,59734.0,59878.0,60001.0,60041.0,60082.0,60127.0,60183.0,60261.0,60333.0,60383.0,60441.0,60484.0,60545.0,60594.0,60634.0,60692.0,60729.0,60773.0,60838.0,60891.0,60917.0,60957.0,61001.0,61078.0,61160.0,61247.0,61309.0,61373.0,61424.0,61468.0,61520.0,61559.0,61598.0,61622.0,61668.0,61698.0,61755.0,61794.0,61819.0,61887.0,61919.0
5007149,72900.0,72907.0,72966.0,72998.0,73045.0,73084.0,73155.0,73527.0,73698.0,73794.0,73948.0,74080.0,74123.0,74167.0,74198.0,74237.0,74290.0,74340.0,74382.0,74431.0,74470.0,74526.0,74571.0,74606.0,74649.0,74676.0,74708.0,74756.0,74795.0,74819.0,74849.0,74890.0,74962.0,75038.0,75096.0,75137.0,75180.0,75223.0,75262.0,75309.0,75348.0,75387.0,75411.0,75457.0,75486.0,75543.0,75582.0,75606.0,75673.0,75706.0
5007151,80100.0,80108.0,80171.0,80206.0,80257.0,80299.0,80376.0,80673.0,80809.0,80916.0,81041.0,81148.0,81185.0,81223.0,81248.0,81279.0,81322.0,81363.0,81398.0,81439.0,81470.0,81515.0,81551.0,81580.0,81622.0,81648.0,81680.0,81726.0,81764.0,81798.0,81834.0,81874.0,81945.0,82020.0,82081.0,82124.0,82168.0,82210.0,82257.0,82312.0,82349.0,82386.0,82409.0,82453.0,82481.0,82536.0,82575.0,82598.0,82663.0,82694.0
5007859,33600.0,33609.0,33678.0,33716.0,33772.0,33818.0,33900.0,34195.0,34331.0,34419.0,34569.0,34698.0,34743.0,34789.0,34823.0,34865.0,34923.0,34977.0,35020.0,35070.0,35106.0,35158.0,35200.0,35234.0,35287.0,35320.0,35360.0,35419.0,35468.0,35497.0,35542.0,35590.0,35674.0,35762.0,35838.0,35891.0,35946.0,35990.0,36033.0,36085.0,36129.0,36173.0,36200.0,36252.0,36285.0,36349.0,36392.0,36427.0,36524.0,36571.0
5007861,43200.0,43209.0,43278.0,43316.0,43372.0,43418.0,43500.0,43795.0,43931.0,44019.0,44169.0,44298.0,44343.0,44389.0,44423.0,44465.0,44523.0,44577.0,44620.0,44670.0,44706.0,44758.0,44800.0,44834.0,44887.0,44920.0,44960.0,45019.0,45068.0,45097.0,45142.0,45190.0,45274.0,45362.0,45438.0,45491.0,45546.0,45590.0,45633.0,45685.0,45729.0,45773.0,45800.0,45852.0,45885.0,45949.0,45992.0,46027.0,46124.0,46171.0
5007863,52800.0,52809.0,52878.0,52916.0,52972.0,53018.0,53100.0,53395.0,53531.0,53619.0,53769.0,53898.0,53943.0,53989.0,54023.0,54065.0,54123.0,54177.0,54220.0,54270.0,54306.0,54358.0,54400.0,54434.0,54487.0,54520.0,54560.0,54619.0,54668.0,54697.0,54742.0,54790.0,54874.0,54962.0,55038.0,55091.0,55146.0,55190.0,55233.0,55285.0,55329.0,55373.0,55400.0,55452.0,55485.0,55549.0,55592.0,55627.0,55724.0,55771.0
5007865,62580.0,62592.0,62687.0,62740.0,62817.0,62880.0,62995.0,63406.0,63594.0,63691.0,63882.0,64047.0,64168.0,64291.0,64334.0,64387.0,64461.0,64530.0,64587.0,64653.0,64704.0,64777.0,64835.0,64882.0,64950.0,64993.0,65045.0,65121.0,65184.0,65226.0,65277.0,65330.0,65423.0,65520.0,65596.0,65649.0,65704.0,65775.0,65834.0,65904.0,65945.0,65986.0,66012.0,66061.0,66092.0,66152.0,66194.0,66218.0,66284.0,66316.0
5007867,71100.0,71109.0,71184.0,71225.0,71286.0,71336.0,71425.0,71714.0,71847.0,71946.0,72090.0,72213.0,72256.0,72300.0,72335.0,72379.0,72440.0,72497.0,72544.0,72599.0,72639.0,72696.0,72742.0,72780.0,72833.0,72866.0,72906.0,72965.0,73014.0,73046.0,73083.0,73128.0,73208.0,73292.0,73361.0,73410.0,73460.0,73505.0,73550.0,73603.0,73640.0,73677.0,73700.0,73744.0,73772.0,73827.0,73865.0,73887.0,73948.0,73977.0
5007869,78300.0,78308.0,78371.0,78406.0,78457.0,78499.0,78576.0,78835.0,78954.0,79038.0,79165.0,79275.0,79316.0,79357.0,79385.0,79420.0,79468.0,79512.0,79551.0,79595.0,79625.0,79668.0,79703.0,79732.0,79772.0,79797.0,79827.0,79871.0,79907.0,79932.0,79964.0,80002.0,80069.0,80139.0,80200.0,80243.0,80287.0,80330.0,80373.0,80425.0,80459.0,80493.0,80514.0,80555.0,80581.0,80631.0,80667.0,80689.0,80750.0,80780.0
5008427,28800.0,28805.0,28849.0,28873.0,28909.0,28938.0,28992.0,29114.0,29170.0,29248.0,29357.0,29450.0,29486.0,29522.0,29539.0,29560.0,29589.0,29616.0,29640.0,29667.0,29692.0,29729.0,29758.0,29782.0,29824.0,29850.0,29882.0,29928.0,29966.0,29986.0,30011.0,30048.0,30114.0,30184.0,30232.0,30266.0,30301.0,30326.0,30360.0,30401.0,30433.0,30465.0,30485.0,30522.0,30546.0,30592.0,30623.0,30668.0,30794.0,30855.0
5008429,36000.0,36007.0,36065.0,36097.0,36144.0,36183.0,36254.0,36497.0,36609.0,36674.0,36772.0,36856.0,36890.0,36925.0,36955.0,36992.0,37043.0,37089.0,37124.0,37165.0,37195.0,37238.0,37273.0,37302.0,37354.0,37386.0,37425.0,37482.0,37530.0,37560.0,37602.0,37647.0,37727.0,37812.0,37875.0,37919.0,37965.0,38001.0,38040.0,38087.0,38138.0,38189.0,38221.0,38282.0,38321.0,38396.0,38449.0,38479.0,38563.0,38604.0
5008431,43200.0,43207.0,43261.0,43291.0,43335.0,43371.0,43437.0,43718.0,43847.0,43953.0,44086.0,44200.0,44235.0,44271.0,44309.0,44356.0,44421.0,44480.0,44525.0,44577.0,44613.0,44665.0,44707.0,44740.0,44798.0,44834.0,44878.0,44942.0,44995.0,45022.0,45058.0,45110.0,45202.0,45300.0,45374.0,45426.0,45481.0,45522.0,45568.0,45623.0,45658.0,45693.0,45715.0,45757.0,45784.0,45835.0,45870.0,45902.0,45992.0,46035.0
5008433,50400.0,50407.0,50461.0,50491.0,50535.0,50571.0,50637.0,50918.0,51047.0,51153.0,51286.0,51400.0,51435.0,51471.0,51509.0,51556.0,51621.0,51680.0,51725.0,51777.0,51813.0,51865.0,51907.0,51940.0,51998.0,52034.0,52078.0,52142.0,52195.0,52222.0,52258.0,52310.0,52402.0,52500.0,52574.0,52626.0,52681.0,52722.0,52768.0,52823.0,52858.0,52893.0,52915.0,52957.0,52984.0,53035.0,53070.0,53102.0,53192.0,53235.0
5008435,57600.0,57608.0,57674.0,57711.0,57764.0,57808.0,57887.0,58271.0,58447.0,58534.0,58678.0,58801.0,58841.0,58882.0,58927.0,58983.0,59061.0,59133.0,59183.0,59241.0,59284.0,59345.0,59394.0,59434.0,59492.0,59529.0,59573.0,59638.0,59691.0,59717.0,59757.0,59801.0,59878.0,59960.0,60047.0,60109.0,60173.0,60224.0,60268.0,60320.0,60359.0,60398.0,60422.0,60468.0,60498.0,60555.0,60594.0,60619.0,60687.0,60719.0
5008437,64800.0,64806.0,64851.0,64876.0,64912.0,64942.0,64995.0,65278.0,65408.0,65499.0,65647.0,65775.0,65812.0,65849.0,65884.0,65928.0,65989.0,66045.0,66100.0,66163.0,66206.0,66268.0,66318.0,66357.0,66397.0,66422.0,66452.0,66496.0,66532.0,66553.0,66594.0,66636.0,66711.0,66790.0,66870.0,66926.0,66984.0,67036.0,67079.0,67131.0,67167.0,67203.0,67225.0,67267.0,67294.0,67346.0,67382.0,67406.0,67472.0,67503.0
5010040,32400.0,32409.0,32478.0,32516.0,32572.0,32618.0,32700.0,32995.0,33131.0,33219.0,33369.0,33498.0,33543.0,33589.0,33623.0,33665.0,33723.0,33777.0,33820.0,33870.0,33906.0,33958.0,34000.0,34034.0,34087.0,34120.0,34160.0,34219.0,34268.0,34297.0,34342.0,34390.0,34474.0,34562.0,34638.0,34691.0,34746.0,34790.0,34833.0,34885.0,34929.0,34973.0,35000.0,35052.0,35085.0,35149.0,35192.0,35227.0,35324.0,35371.0
5010042,59580.0,59591.0,59677.0,59725.0,59795.0,59852.0,59955.0,60261.0,60402.0,60509.0,60671.0,60811.0,60897.0,60984.0,61029.0,61085.0,61163.0,61236.0,61285.0,61341.0,61394.0,61470.0,61531.0,61579.0,61660.0,61710.0,61771.0,61860.0,61934.0,61973.0,62029.0,62086.0,62186.0,62291.0,62376.0,62436.0,62497.0,62552.0,62606.0,62670.0,62715.0,62760.0,62788.0,62841.0,62875.0,62941.0,62985.0,63010.0,63079.0,63112.0
5010044,68400.0,68409.0,68484.0,68525.0,68586.0,68636.0,68725.0,69014.0,69147.0,69246.0,69390.0,69513.0,69556.0,69600.0,69635.0,69679.0,69740.0,69797.0,69844.0,69899.0,69939.0,69996.0,70042.0,70080.0,70133.0,70166.0,70206.0,70265.0,70314.0,70346.0,70383.0,70428.0,70508.0,70592.0,70661.0,70710.0,70760.0,70805.0,70850.0,70903.0,70940.0,70977.0,71000.0,71044.0,71072.0,71127.0,71165.0,71187.0,71248.0,71277.0
5010046,76500.0,76508.0,76571.0,76606.0,76657.0,76699.0,76776.0,77035.0,77154.0,77238.0,77365.0,77475.0,77516.0,77557.0,77585.0,77620.0,77668.0,77712.0,77751.0,77795.0,77825.0,77868.0,77903.0,77932.0,77972.0,77997.0,78027.0,78071.0,78107.0,78132.0,78164.0,78202.0,78269.0,78339.0,78400.0,78443.0,78487.0,78530.0,78573.0,78625.0,78659.0,78693.0,78714.0,78755.0,78781.0,78831.0,78867.0,78889.0,78950.0,78980.0
5010048,83700.0,83708.0,83771.0,83806.0,83857.0,83899.0,83976.0,84235.0,84354.0,84438.0,84565.0,84675.0,84716.0,84757.0,84785.0,84820.0,84868.0,84912.0,84951.0,84995.0,85025.0,85068.0,85103.0,85132.0,85172.0,85197.0,85227.0,85271.0,85307.0,85332.0,85364.0,85402.0,85469.0,85539.0,85600.0,85643.0,85687.0,85730.0,85773.0,85825.0,85859.0,85893.0,85914.0,85955.0,85981.0,86031.0,86067.0,86089.0,86150.0,86180.0
5010614,34800.0,34809.0,34878.0,34916.0,34972.0,35018.0,35100.0,35395.0,35531.0,35619.0,35769.0,35898.0,35943.0,35989.0,36023.0,36065.0,36123.0,36177.0,36220.0,36270.0,36306.0,36358.0,36400.0,36434.0,36487.0,36520.0,36560.0,36619.0,36668.0,36697.0,36742.0,36790.0,36874.0,36962.0,37038.0,37091.0,37146.0,37190.0,37233.0,37285.0,37329.0,37373.0,37400.0,37452.0,37485.0,37549.0,37592.0,37627.0,37724.0,37771.0
5010616,44400.0,44409.0,44478.0,44516.0,44572.0,44618.0,44700.0,44995.0,45131.0,45219.0,45369.0,45498.0,45543.0,45589.0,45623.0,45665.0,45723.0,45777.0,45820.0,45870.0,45906.0,45958.0,46000.0,46034.0,46087.0,46120.0,46160.0,46219.0,46268.0,46297.0,46342.0,46390.0,46474.0,46562.0,46638.0,46691.0,46746.0,46790.0,46833.0,46885.0,46929.0,46973.0,47000.0,47052.0,47085.0,47149.0,47192.0,47227.0,47324.0,47371.0
5010620,63180.0,63192.0,63287.0,63340.0,63417.0,63480.0,63595.0,64006.0,64194.0,64291.0,64482.0,64647.0,64768.0,64891.0,64934.0,64987.0,65061.0,65130.0,65187.0,65253.0,65304.0,65377.0,65435.0,65482.0,65550.0,65593.0,65645.0,65721.0,65784.0,65826.0,65877.0,65930.0,66023.0,66120.0,66196.0,66249.0,66304.0,66375.0,66434.0,66504.0,66545.0,66586.0,66612.0,66661.0,66692.0,66752.0,66794.0,66818.0,66884.0,66916.0
5011117,31200.0,31205.0,31249.0,31273.0,31309.0,31338.0,31392.0,31514.0,31570.0,31648.0,31757.0,31850.0,31886.0,31922.0,31939.0,31960.0,31989.0,32016.0,32040.0,32067.0,32092.0,32129.0,32158.0,32182.0,32224.0,32250.0,32282.0,32328.0,32366.0,32386.0,32411.0,32448.0,32514.0,32584.0,32632.0,32666.0,32701.0,32726.0,32760.0,32801.0,32833.0,32865.0,32885.0,32922.0,32946.0,32992.0,33023.0,33068.0,33194.0,33255.0
5011123,52800.0,52807.0,52861.0,52891.0,52935.0,52971.0,53037.0,53318.0,53447.0,53553.0,53686.0,53800.0,53835.0,53871.0,53909.0,53956.0,54021.0,54080.0,54125.0,54177.0,54213.0,54265.0,54307.0,54340.0,54398.0,54434.0,54478.0,54542.0,54595.0,54622.0,54658.0,54710.0,54802.0,54900.0,54974.0,55026.0,55081.0,55122.0,55168.0,55223.0,55258.0,55293.0,55315.0,55357.0,55384.0,55435.0,55470.0,55502.0,55592.0,55635.0
5011125,60000.0,60008.0,60074.0,60111.0,60164.0,60208.0,60287.0,60671.0,60847.0,60934.0,61078.0,61201.0,61241.0,61282.0,61327.0,61383.0,61461.0,61533.0,61583.0,61641.0,61684.0,61745.0,61794.0,61834.0,61892.0,61929.0,61973.0,62038.0,62091.0,62117.0,62157.0,62201.0,62278.0,62360.0,62447.0,62509.0,62573.0,62624.0,62668.0,62720.0,62759.0,62798.0,62822.0,62868.0,62898.0,62955.0,62994.0,63019.0,63087.0,63119.0
5011173,63780.0,63792.0,63887.0,63940.0,64017.0,64080.0,64195.0,64606.0,64794.0,64891.0,65082.0,65247.0,65368.0,65491.0,65534.0,65587.0,65661.0,65730.0,65787.0,65853.0,65904.0,65977.0,66035.0,66082.0,66150.0,66193.0,66245.0,66321.0,66384.0,66426.0,66477.0,66530.0,66623.0,66720.0,66796.0,66849.0,66904.0,66975.0,67034.0,67104.0,67145.0,67186.0,67212.0,67261.0,67292.0,67352.0,67394.0,67418.0,67484.0,67516.0
5011175,72900.0,72909.0,72984.0,73025.0,73086.0,73136.0,73225.0,73514.0,73647.0,73746.0,73890.0,74013.0,74056.0,74100.0,74135.0,74179.0,74240.0,74297.0,74344.0,74399.0,74439.0,74496.0,74542.0,74580.0,74633.0,74666.0,74706.0,74765.0,74814.0,74846.0,74883.0,74928.0,75008.0,75092.0,75161.0,75210.0,75260.0,75305.0,75350.0,75403.0,75440.0,75477.0,75500.0,75544.0,75572.0,75627.0,75665.0,75687.0,75748.0,75777.0
5011177,80100.0,80108.0,80171.0,80206.0,80257.0,80299.0,80376.0,80635.0,80754.0,80838.0,80965.0,81075.0,81116.0,81157.0,81185.0,81220.0,81268.0,81312.0,81351.0,81395.0,81425.0,81468.0,81503.0,81532.0,81572.0,81597.0,81627.0,81671.0,81707.0,81732.0,81764.0,81802.0,81869.0,81939.0,82000.0,82043.0,82087.0,82130.0,82173.0,82225.0,82259.0,82293.0,82314.0,82355.0,82381.0,82431.0,82467.0,82489.0,82550.0,82580.0
5012097,28380.0,28389.0,28463.0,28504.0,28564.0,28613.0,28701.0,28964.0,29085.0,29163.0,29321.0,29457.0,29516.0,29576.0,29610.0,29652.0,29710.0,29763.0,29805.0,29853.0,29892.0,29948.0,29993.0,30030.0,30094.0,30134.0,30182.0,30253.0,30311.0,30336.0,30380.0,30431.0,30521.0,30617.0,30727.0,30805.0,30886.0,30937.0,30990.0,31054.0,31095.0,31136.0,31162.0,31211.0,31242.0,31302.0,31344.0,31401.0,31558.0,31633.0
5012099,37200.0,37209.0,37278.0,37316.0,37372.0,37418.0,37500.0,37795.0,37931.0,38019.0,38169.0,38298.0,38343.0,38389.0,38423.0,38465.0,38523.0,38577.0,38620.0,38670.0,38706.0,38758.0,38800.0,38834.0,38887.0,38920.0,38960.0,39019.0,39068.0,39097.0,39142.0,39190.0,39274.0,39362.0,39438.0,39491.0,39546.0,39590.0,39633.0,39685.0,39729.0,39773.0,39800.0,39852.0,39885.0,39949.0,39992.0,40027.0,40124.0,40171.0
5012101,46800.0,46809.0,46878.0,46916.0,46972.0,47018.0,47100.0,47395.0,47531.0,47619.0,47769.0,47898.0,47943.0,47989.0,48023.0,48065.0,48123.0,48177.0,48220.0,48270.0,48306.0,48358.0,48400.0,48434.0,48487.0,48520.0,48560.0,48619.0,48668.0,48697.0,48742.0,48790.0,48874.0,48962.0,49038.0,49091.0,49146.0,49190.0,49233.0,49285.0,49329.0,49373.0,49400.0,49452.0,49485.0,49549.0,49592.0,49627.0,49724.0,49771.0
5012103,56400.0,56411.0,56497.0,56545.0,56615.0,56672.0,56775.0,57081.0,57222.0,57329.0,57491.0,57631.0,57717.0,57804.0,57849.0,57905.0,57983.0,58056.0,58105.0,58161.0,58214.0,58290.0,58351.0,58399.0,58480.0,58530.0,58591.0,58680.0,58754.0,58793.0,58849.0,58906.0,59006.0,59111.0,59196.0,59256.0,59317.0,59372.0,59426.0,59490.0,59535.0,59580.0,59608.0,59661.0,59695.0,59761.0,59805.0,59830.0,59899.0,59932.0
5012105,65400.0,65412.0,65508.0,65561.0,65638.0,65702.0,65816.0,66157.0,66314.0,66421.0,66618.0,66788.0,66852.0,66918.0,66960.0,67012.0,67084.0,67150.0,67196.0,67250.0,67296.0,67362.0,67415.0,67458.0,67519.0,67557.0,67603.0,67670.0,67725.0,67762.0,67814.0,67866.0,67958.0,68056.0,68124.0,68172.0,68221.0,68269.0,68322.0,68384.0,68425.0,68466.0,68492.0,68541.0,68572.0,68633.0,68675.0,68697.0,68757.0,68786.0
5012388,30180.0,30189.0,30263.0,30304.0,30364.0,30413.0,30501.0,30764.0,30885.0,30963.0,31121.0,31257.0,31316.0,31376.0,31410.0,31452.0,31510.0,31563.0,31605.0,31653.0,31692.0,31748.0,31793.0,31830.0,31894.0,31934.0,31982.0,32053.0,32111.0,32136.0,32180.0,32231.0,32321.0,32417.0,32527.0,32605.0,32686.0,32737.0,32790.0,32854.0,32895.0,32936.0,32962.0,33011.0,33042.0,33102.0,33144.0,33201.0,33358.0,33433.0
5012787,74700.0,74709.0,74784.0,74825.0,74886.0,74936.0,75025.0,75314.0,75447.0,75546.0,75690.0,75813.0,75856.0,75900.0,75935.0,75979.0,76040.0,76097.0,76144.0,76199.0,76239.0,76296.0,76342.0,76380.0,76433.0,76466.0,76506.0,76565.0,76614.0,76646.0,76683.0,76728.0,76808.0,76892.0,76961.0,77010.0,77060.0,77105.0,77150.0,77203.0,77240.0,77277.0,77300.0,77344.0,77372.0,77427.0,77465.0,77487.0,77548.0,77577.0
5012789,81900.0,81908.0,81971.0,82006.0,82057.0,82099.0,82176.0,82435.0,82554.0,82638.0,82765.0,82875.0,82916.0,82957.0,82985.0,83020.0,83068.0,83112.0,83151.0,83195.0,83225.0,83268.0,83303.0,83332.0,83372.0,83397.0,83427.0,83471.0,83507.0,83532.0,83564.0,83602.0,83669.0,83739.0,83800.0,83843.0,83887.0,83930.0,83973.0,84025.0,84059.0,84093.0,84114.0,84155.0,84181.0,84231.0,84267.0,84289.0,84350.0,84380.0
5016174,27420.0,27429.0,27503.0,27544.0,27604.0,27653.0,27742.0,27927.0,28012.0,28088.0,28245.0,28380.0,28424.0,28468.0,28497.0,28533.0,28582.0,28628.0,28668.0,28715.0,28752.0,28804.0,28846.0,28880.0,28935.0,28969.0,29010.0,29071.0,29121.0,29144.0,29182.0,29231.0,29317.0,29407.0,29492.0,29552.0,29613.0,29646.0,29755.0,29884.0,29961.0,30038.0,30086.0,30178.0,30237.0,30350.0,30428.0,30457.0,30537.0,30575.0
5016176,42000.0,42009.0,42078.0,42116.0,42172.0,42218.0,42300.0,42595.0,42731.0,42819.0,42969.0,43098.0,43143.0,43189.0,43223.0,43265.0,43323.0,43377.0,43420.0,43470.0,43506.0,43558.0,43600.0,43634.0,43687.0,43720.0,43760.0,43819.0,43868.0,43897.0,43942.0,43990.0,44074.0,44162.0,44238.0,44291.0,44346.0,44390.0,44433.0,44485.0,44529.0,44573.0,44600.0,44652.0,44685.0,44749.0,44792.0,44827.0,44924.0,44971.0
5016178,51600.0,51609.0,51678.0,51716.0,51772.0,51818.0,51900.0,52195.0,52331.0,52419.0,52569.0,52698.0,52743.0,52789.0,52823.0,52865.0,52923.0,52977.0,53020.0,53070.0,53106.0,53158.0,53200.0,53234.0,53287.0,53320.0,53360.0,53419.0,53468.0,53497.0,53542.0,53590.0,53674.0,53762.0,53838.0,53891.0,53946.0,53990.0,54033.0,54085.0,54129.0,54173.0,54200.0,54252.0,54285.0,54349.0,54392.0,54427.0,54524.0,54571.0
5016180,61380.0,61392.0,61487.0,61540.0,61617.0,61680.0,61795.0,62206.0,62394.0,62491.0,62682.0,62847.0,62968.0,63091.0,63134.0,63187.0,63261.0,63330.0,63387.0,63453.0,63504.0,63577.0,63635.0,63682.0,63750.0,63793.0,63845.0,63921.0,63984.0,64026.0,64077.0,64130.0,64223.0,64320.0,64396.0,64449.0,64504.0,64575.0,64634.0,64704.0,64745.0,64786.0,64812.0,64861.0,64892.0,64952.0,64994.0,65018.0,65084.0,65116.0
5016845,31200.0,31209.0,31278.0,31316.0,31372.0,31418.0,31500.0,31795.0,31931.0,32019.0,32169.0,32298.0,32343.0,32389.0,32423.0,32465.0,32523.0,32577.0,32620.0,32670.0,32706.0,32758.0,32800.0,32834.0,32887.0,32920.0,32960.0,33019.0,33068.0,33097.0,33142.0,33190.0,33274.0,33362.0,33438.0,33491.0,33546.0,33590.0,33633.0,33685.0,33729.0,33773.0,33800.0,33852.0,33885.0,33949.0,33992.0,34027.0,34124.0,34171.0
5016847,61980.0,61992.0,62087.0,62140.0,62217.0,62280.0,62395.0,62806.0,62994.0,63091.0,63282.0,63447.0,63568.0,63691.0,63734.0,63787.0,63861.0,63930.0,63987.0,64053.0,64104.0,64177.0,64235.0,64282.0,64350.0,64393.0,64445.0,64521.0,64584.0,64626.0,64677.0,64730.0,64823.0,64920.0,64996.0,65049.0,65104.0,65175.0,65234.0,65304.0,65345.0,65386.0,65412.0,65461.0,65492.0,65552.0,65594.0,65618.0,65684.0,65716.0
5016951,40800.0,40809.0,40878.0,40916.0,40972.0,41018.0,41100.0,41395.0,41531.0,41619.0,41769.0,41898.0,41943.0,41989.0,42023.0,42065.0,42123.0,42177.0,42220.0,42270.0,42306.0,42358.0,42400.0,42434.0,42487.0,42520.0,42560.0,42619.0,42668.0,42697.0,42742.0,42790.0,42874.0,42962.0,43038.0,43091.0,43146.0,43190.0,43233.0,43285.0,43329.0,43373.0,43400.0,43452.0,43485.0,43549.0,43592.0,43627.0,43724.0,43771.0
5016953,50400.0,50409.0,50478.0,50516.0,50572.0,50618.0,50700.0,50995.0,51131.0,51219.0,51369.0,51498.0,51543.0,51589.0,51623.0,51665.0,51723.0,51777.0,51820.0,51870.0,51906.0,51958.0,52000.0,52034.0,52087.0,52120.0,52160.0,52219.0,52268.0,52297.0,52342.0,52390.0,52474.0,52562.0,52638.0,52691.0,52746.0,52790.0,52833.0,52885.0,52929.0,52973.0,53000.0,53052.0,53085.0,53149.0,53192.0,53227.0,53324.0,53371.0
5016955,60180.0,60191.0,60277.0,60325.0,60395.0,60452.0,60555.0,60861.0,61002.0,61109.0,61271.0,61411.0,61497.0,61584.0,61629.0,61685.0,61763.0,61836.0,61885.0,61941.0,61994.0,62070.0,62131.0,62179.0,62260.0,62310.0,62371.0,62460.0,62534.0,62573.0,62629.0,62686.0,62786.0,62891.0,62976.0,63036.0,63097.0,63152.0,63206.0,63270.0,63315.0,63360.0,63388.0,63441.0,63475.0,63541.0,63585.0,63610.0,63679.0,63712.0
5016957,69300.0,69309.0,69384.0,69425.0,69486.0,69536.0,69625.0,69914.0,70047.0,70146.0,70290.0,70413.0,70456.0,70500.0,70535.0,70579.0,70640.0,70697.0,70744.0,70799.0,70839.0,70896.0,70942.0,70980.0,71033.0,71066.0,71106.0,71165.0,71214.0,71246.0,71283.0,71328.0,71408.0,71492.0,71561.0,71610.0,71660.0,71705.0,71750.0,71803.0,71840.0,71877.0,71900.0,71944.0,71972.0,72027.0,72065.0,72087.0,72148.0,72177.0
5018201,36000.0,36009.0,36078.0,36116.0,36172.0,36218.0,36300.0,36595.0,36731.0,36819.0,36969.0,37098.0,37143.0,37189.0,37223.0,37265.0,37323.0,37377.0,37420.0,37470.0,37506.0,37558.0,37600.0,37634.0,37687.0,37720.0,37760.0,37819.0,37868.0,37897.0,37942.0,37990.0,38074.0,38162.0,38238.0,38291.0,38346.0,38390.0,38433.0,38485.0,38529.0,38573.0,38600.0,38652.0,38685.0,38749.0,38792.0,38827.0,38924.0,38971.0
5018203,45600.0,45609.0,45678.0,45716.0,45772.0,45818.0,45900.0,46195.0,46331.0,46419.0,46569.0,46698.0,46743.0,46789.0,46823.0,46865.0,46923.0,46977.0,47020.0,47070.0,47106.0,47158.0,47200.0,47234.0,47287.0,47320.0,47360.0,47419.0,47468.0,47497.0,47542.0,47590.0,47674.0,47762.0,47838.0,47891.0,47946.0,47990.0,48033.0,48085.0,48129.0,48173.0,48200.0,48252.0,48285.0,48349.0,48392.0,48427.0,48524.0,48571.0
5018205,55200.0,55211.0,55297.0,55345.0,55415.0,55472.0,55575.0,55881.0,56022.0,56129.0,56291.0,56431.0,56517.0,56604.0,56649.0,56705.0,56783.0,56856.0,56905.0,56961.0,57014.0,57090.0,57151.0,57199.0,57280.0,57330.0,57391.0,57480.0,57554.0,57593.0,57649.0,57706.0,57806.0,57911.0,57996.0,58056.0,58117.0,58172.0,58226.0,58290.0,58335.0,58380.0,58408.0,58461.0,58495.0,58561.0,58605.0,58630.0,58699.0,58732.0
5018207,64380.0,64392.0,64487.0,64540.0,64617.0,64680.0,64795.0,65206.0,65394.0,65491.0,65682.0,65847.0,65968.0,66091.0,66134.0,66187.0,66261.0,66330.0,66387.0,66453.0,66504.0,66577.0,66635.0,66682.0,66750.0,66793.0,66845.0,66921.0,66984.0,67026.0,67077.0,67130.0,67223.0,67320.0,67396.0,67449.0,67504.0,67575.0,67634.0,67704.0,67745.0,67786.0,67812.0,67861.0,67892.0,67952.0,67994.0,68018.0,68084.0,68116.0
5084991,33600.0,33608.0,33674.0,33711.0,33765.0,33809.0,33888.0,34172.0,34302.0,34387.0,34531.0,34655.0,34699.0,34743.0,34776.0,34816.0,34872.0,34924.0,34965.0,35013.0,35048.0,35098.0,35138.0,35171.0,35222.0,35254.0,35293.0,35350.0,35396.0,35424.0,35467.0,35513.0,35594.0,35679.0,35752.0,35803.0,35856.0,35898.0,35940.0,35989.0,36031.0,36073.0,36099.0,36149.0,36181.0,36242.0,36284.0,36318.0,36411.0,36456.0
5084993,43200.0,43208.0,43274.0,43311.0,43365.0,43409.0,43488.0,43772.0,43902.0,43987.0,44131.0,44255.0,44299.0,44343.0,44376.0,44416.0,44472.0,44524.0,44565.0,44613.0,44648.0,44698.0,44738.0,44771.0,44822.0,44854.0,44893.0,44950.0,44996.0,45024.0,45067.0,45113.0,45194.0,45279.0,45352.0,45403.0,45456.0,45498.0,45540.0,45589.0,45631.0,45673.0,45699.0,45749.0,45781.0,45842.0,45884.0,45918.0,46011.0,46056.0
5084995,52800.0,52808.0,52874.0,52911.0,52965.0,53009.0,53088.0,53372.0,53502.0,53587.0,53731.0,53855.0,53899.0,53943.0,53976.0,54016.0,54072.0,54124.0,54165.0,54213.0,54248.0,54298.0,54338.0,54371.0,54422.0,54454.0,54493.0,54550.0,54596.0,54624.0,54667.0,54713.0,54794.0,54879.0,54952.0,55003.0,55056.0,55098.0,55140.0,55189.0,55231.0,55273.0,55299.0,55349.0,55381.0,55442.0,55484.0,55518.0,55611.0,55656.0
5084997,62580.0,62591.0,62683.0,62734.0,62808.0,62869.0,62979.0,63374.0,63555.0,63648.0,63832.0,63990.0,64106.0,64225.0,64266.0,64317.0,64388.0,64455.0,64510.0,64573.0,64622.0,64692.0,64748.0,64793.0,64859.0,64900.0,64950.0,65023.0,65083.0,65123.0,65172.0,65223.0,65312.0,65406.0,65479.0,65530.0,65583.0,65651.0,65708.0,65775.0,65815.0,65855.0,65880.0,65927.0,65957.0,66015.0,66054.0,66077.0,66141.0,66171.0
5084999,71100.0,71109.0,71181.0,71221.0,71279.0,71327.0,71413.0,71691.0,71819.0,71914.0,72052.0,72171.0,72213.0,72255.0,72289.0,72331.0,72389.0,72444.0,72490.0,72542.0,72581.0,72636.0,72680.0,72716.0,72767.0,72799.0,72838.0,72895.0,72941.0,72972.0,73008.0,73052.0,73129.0,73209.0,73276.0,73323.0,73371.0,73414.0,73457.0,73508.0,73544.0,73580.0,73602.0,73644.0,73671.0,73723.0,73760.0,73781.0,73840.0,73868.0
5085001,78300.0,78308.0,78369.0,78403.0,78452.0,78492.0,78565.0,78814.0,78928.0,79009.0,79132.0,79237.0,79276.0,79316.0,79343.0,79376.0,79422.0,79465.0,79502.0,79545.0,79574.0,79616.0,79650.0,79677.0,79715.0,79739.0,79768.0,79810.0,79845.0,79869.0,79900.0,79936.0,80000.0,80068.0,80126.0,80167.0,80210.0,80251.0,80293.0,80342.0,80375.0,80408.0,80429.0,80468.0,80493.0,80542.0,80575.0,80596.0,80655.0,80684.0
5086975,36000.0,36008.0,36074.0,36111.0,36165.0,36209.0,36288.0,36572.0,36702.0,36787.0,36931.0,37055.0,37099.0,37143.0,37176.0,37216.0,37272.0,37324.0,37365.0,37413.0,37448.0,37498.0,37538.0,37571.0,37622.0,37654.0,37693.0,37750.0,37796.0,37824.0,37867.0,37913.0,37994.0,38079.0,38152.0,38203.0,38256.0,38298.0,38340.0,38389.0,38431.0,38473.0,38499.0,38549.0,38581.0,38642.0,38684.0,38718.0,38811.0,38856.0
5086977,45600.0,45608.0,45674.0,45711.0,45765.0,45809.0,45888.0,46172.0,46302.0,46387.0,46531.0,46655.0,46699.0,46743.0,46776.0,46816.0,46872.0,46924.0,46965.0,47013.0,47048.0,47098.0,47138.0,47171.0,47222.0,47254.0,47293.0,47350.0,47396.0,47424.0,47467.0,47513.0,47594.0,47679.0,47752.0,47803.0,47856.0,47898.0,47940.0,47989.0,48031.0,48073.0,48099.0,48149.0,48181.0,48242.0,48284.0,48318.0,48411.0,48456.0
5086981,64380.0,64391.0,64483.0,64534.0,64608.0,64669.0,64779.0,65174.0,65355.0,65448.0,65632.0,65790.0,65906.0,66025.0,66066.0,66117.0,66188.0,66255.0,66310.0,66373.0,66422.0,66492.0,66548.0,66593.0,66659.0,66700.0,66750.0,66823.0,66883.0,66923.0,66972.0,67023.0,67112.0,67206.0,67279.0,67330.0,67383.0,67451.0,67508.0,67575.0,67615.0,67655.0,67680.0,67727.0,67757.0,67815.0,67854.0,67877.0,67941.0,67971.0
5087877,34800.0,34808.0,34874.0,34911.0,34965.0,35009.0,35088.0,35372.0,35502.0,35587.0,35731.0,35855.0,35899.0,35943.0,35976.0,36016.0,36072.0,36124.0,36165.0,36213.0,36248.0,36298.0,36338.0,36371.0,36422.0,36454.0,36493.0,36550.0,36596.0,36624.0,36667.0,36713.0,36794.0,36879.0,36952.0,37003.0,37056.0,37098.0,37140.0,37189.0,37231.0,37273.0,37299.0,37349.0,37381.0,37442.0,37484.0,37518.0,37611.0,37656.0
5087879,44400.0,44408.0,44474.0,44511.0,44565.0,44609.0,44688.0,44972.0,45102.0,45187.0,45331.0,45455.0,45499.0,45543.0,45576.0,45616.0,45672.0,45724.0,45765.0,45813.0,45848.0,45898.0,45938.0,45971.0,46022.0,46054.0,46093.0,46150.0,46196.0,46224.0,46267.0,46313.0,46394.0,46479.0,46552.0,46603.0,46656.0,46698.0,46740.0,46789.0,46831.0,46873.0,46899.0,46949.0,46981.0,47042.0,47084.0,47118.0,47211.0,47256.0
5087883,63180.0,63191.0,63283.0,63334.0,63408.0,63469.0,63579.0,63974.0,64155.0,64248.0,64432.0,64590.0,64706.0,64825.0,64866.0,64917.0,64988.0,65055.0,65110.0,65173.0,65222.0,65292.0,65348.0,65393.0,65459.0,65500.0,65550.0,65623.0,65683.0,65723.0,65772.0,65823.0,65912.0,66006.0,66079.0,66130.0,66183.0,66251.0,66308.0,66375.0,66415.0,66455.0,66480.0,66527.0,66557.0,66615.0,66654.0,66677.0,66741.0,66771.0
5088547,35100.0,35109.0,35179.0,35218.0,35275.0,35322.0,35406.0,35650.0,35762.0,35809.0,35897.0,35973.0,36002.0,36031.0,36053.0,36081.0,36120.0,36156.0,36198.0,36246.0,36269.0,36302.0,36329.0,36351.0,36382.0,36401.0,36424.0,36458.0,36486.0,36504.0,36523.0,36558.0,36620.0,36686.0,36732.0,36764.0,36797.0,36818.0,36848.0,36883.0,36915.0,36947.0,36967.0,37005.0,37029.0,37076.0,37108.0,37178.0,37371.0,37464.0
5088553,56700.0,56709.0,56778.0,56816.0,56872.0,56918.0,57002.0,57267.0,57388.0,57500.0,57627.0,57736.0,57773.0,57811.0,57851.0,57901.0,57970.0,58033.0,58072.0,58116.0,58148.0,58194.0,58231.0,58260.0,58305.0,58333.0,58367.0,58417.0,58457.0,58483.0,58509.0,58552.0,58627.0,58706.0,58762.0,58802.0,58843.0,58882.0,58917.0,58959.0,58993.0,59027.0,59048.0,59088.0,59114.0,59164.0,59197.0,59224.0,59299.0,59335.0
5088929,32400.0,32408.0,32474.0,32511.0,32565.0,32609.0,32688.0,32972.0,33102.0,33187.0,33331.0,33455.0,33499.0,33543.0,33576.0,33616.0,33672.0,33724.0,33765.0,33813.0,33848.0,33898.0,33938.0,33971.0,34022.0,34054.0,34093.0,34150.0,34196.0,34224.0,34267.0,34313.0,34394.0,34479.0,34552.0,34603.0,34656.0,34698.0,34740.0,34789.0,34831.0,34873.0,34899.0,34949.0,34981.0,35042.0,35084.0,35118.0,35211.0,35256.0
5088931,59580.0,59590.0,59673.0,59719.0,59786.0,59841.0,59941.0,60236.0,60371.0,60474.0,60630.0,60764.0,60846.0,60930.0,60974.0,61028.0,61103.0,61172.0,61219.0,61273.0,61324.0,61397.0,61455.0,61502.0,61579.0,61627.0,61686.0,61772.0,61843.0,61881.0,61935.0,61990.0,62086.0,62187.0,62268.0,62325.0,62385.0,62438.0,62490.0,62551.0,62594.0,62637.0,62664.0,62715.0,62748.0,62811.0,62854.0,62878.0,62944.0,62976.0
5088933,68400.0,68409.0,68481.0,68521.0,68579.0,68627.0,68713.0,68991.0,69119.0,69214.0,69352.0,69471.0,69513.0,69555.0,69589.0,69631.0,69689.0,69744.0,69790.0,69842.0,69881.0,69936.0,69980.0,70016.0,70067.0,70099.0,70138.0,70195.0,70241.0,70272.0,70308.0,70352.0,70429.0,70509.0,70576.0,70623.0,70671.0,70714.0,70757.0,70808.0,70844.0,70880.0,70902.0,70944.0,70971.0,71023.0,71060.0,71081.0,71140.0,71168.0
5088935,76500.0,76508.0,76569.0,76603.0,76652.0,76692.0,76765.0,77014.0,77128.0,77209.0,77332.0,77437.0,77476.0,77516.0,77543.0,77576.0,77622.0,77665.0,77702.0,77745.0,77774.0,77816.0,77850.0,77877.0,77915.0,77939.0,77968.0,78010.0,78045.0,78069.0,78100.0,78136.0,78200.0,78268.0,78326.0,78367.0,78410.0,78451.0,78493.0,78542.0,78575.0,78608.0,78629.0,78668.0,78693.0,78742.0,78775.0,78796.0,78855.0,78884.0
5088937,83700.0,83708.0,83769.0,83803.0,83852.0,83892.0,83965.0,84214.0,84328.0,84409.0,84532.0,84637.0,84676.0,84716.0,84743.0,84776.0,84822.0,84865.0,84902.0,84945.0,84974.0,85016.0,85050.0,85077.0,85115.0,85139.0,85168.0,85210.0,85245.0,85269.0,85300.0,85336.0,85400.0,85468.0,85526.0,85567.0,85610.0,85651.0,85693.0,85742.0,85775.0,85808.0,85829.0,85868.0,85893.0,85942.0,85975.0,85996.0,86055.0,86084.0
5089111,31200.0,31208.0,31274.0,31311.0,31365.0,31409.0,31488.0,31772.0,31902.0,31987.0,32131.0,32255.0,32299.0,32343.0,32376.0,32416.0,32472.0,32524.0,32565.0,32613.0,32648.0,32698.0,32738.0,32771.0,32822.0,32854.0,32893.0,32950.0,32996.0,33024.0,33067.0,33113.0,33194.0,33279.0,33352.0,33403.0,33456.0,33498.0,33540.0,33589.0,33631.0,33673.0,33699.0,33749.0,33781.0,33842.0,33884.0,33918.0,34011.0,34056.0
5089113,61980.0,61991.0,62083.0,62134.0,62208.0,62269.0,62379.0,62774.0,62955.0,63048.0,63232.0,63390.0,63506.0,63625.0,63666.0,63717.0,63788.0,63855.0,63910.0,63973.0,64022.0,64092.0,64148.0,64193.0,64259.0,64300.0,64350.0,64423.0,64483.0,64523.0,64572.0,64623.0,64712.0,64806.0,64879.0,64930.0,64983.0,65051.0,65108.0,65175.0,65215.0,65255.0,65280.0,65327.0,65357.0,65415.0,65454.0,65477.0,65541.0,65571.0
5089248,49200.0,49208.0,49274.0,49311.0,49365.0,49409.0,49488.0,49772.0,49902.0,49987.0,50131.0,50255.0,50299.0,50343.0,50376.0,50416.0,50472.0,50524.0,50565.0,50613.0,50648.0,50698.0,50738.0,50771.0,50822.0,50854.0,50893.0,50950.0,50996.0,51024.0,51067.0,51113.0,51194.0,51279.0,51352.0,51403.0,51456.0,51498.0,51540.0,51589.0,51631.0,51673.0,51699.0,51749.0,51781.0,51842.0,51884.0,51918.0,52011.0,52056.0
5089250,58800.0,58810.0,58893.0,58939.0,59006.0,59061.0,59161.0,59456.0,59591.0,59694.0,59850.0,59984.0,60066.0,60150.0,60194.0,60248.0,60323.0,60392.0,60439.0,60493.0,60544.0,60617.0,60675.0,60722.0,60799.0,60847.0,60906.0,60992.0,61063.0,61101.0,61155.0,61210.0,61306.0,61407.0,61488.0,61545.0,61605.0,61658.0,61710.0,61771.0,61814.0,61857.0,61884.0,61935.0,61968.0,62031.0,62074.0,62098.0,62164.0,62196.0
5089252,67200.0,67211.0,67303.0,67354.0,67428.0,67489.0,67600.0,67928.0,68079.0,68182.0,68372.0,68535.0,68597.0,68660.0,68700.0,68750.0,68819.0,68883.0,68928.0,68979.0,69023.0,69087.0,69138.0,69179.0,69237.0,69274.0,69318.0,69383.0,69436.0,69472.0,69522.0,69572.0,69661.0,69755.0,69820.0,69866.0,69914.0,69960.0,70011.0,70071.0,70111.0,70151.0,70176.0,70223.0,70253.0,70311.0,70351.0,70372.0,70430.0,70458.0
5089603,54900.0,54909.0,54978.0,55016.0,55072.0,55118.0,55202.0,55467.0,55588.0,55700.0,55827.0,55936.0,55973.0,56011.0,56051.0,56101.0,56170.0,56233.0,56272.0,56316.0,56348.0,56394.0,56431.0,56460.0,56505.0,56533.0,56567.0,56617.0,56657.0,56683.0,56709.0,56752.0,56827.0,56906.0,56962.0,57002.0,57043.0,57082.0,57117.0,57159.0,57193.0,57227.0,57248.0,57288.0,57314.0,57364.0,57397.0,57424.0,57499.0,57535.0
5089605,62100.0,62108.0,62171.0,62206.0,62257.0,62299.0,62374.0,62647.0,62772.0,62832.0,62978.0,63103.0,63160.0,63219.0,63261.0,63313.0,63385.0,63453.0,63496.0,63545.0,63586.0,63645.0,63692.0,63730.0,63783.0,63816.0,63856.0,63915.0,63964.0,63986.0,64007.0,64043.0,64106.0,64172.0,64243.0,64293.0,64345.0,64384.0,64432.0,64488.0,64519.0,64550.0,64569.0,64606.0,64630.0,64676.0,64707.0,64726.0,64778.0,64803.0
5089609,76500.0,76506.0,76555.0,76582.0,76622.0,76655.0,76713.0,76936.0,77038.0,77111.0,77248.0,77365.0,77407.0,77450.0,77475.0,77506.0,77549.0,77590.0,77623.0,77662.0,77694.0,77740.0,77777.0,77806.0,77845.0,77869.0,77899.0,77942.0,77978.0,77998.0,78023.0,78061.0,78128.0,78200.0,78263.0,78308.0,78354.0,78390.0,78429.0,78476.0,78510.0,78544.0,78565.0,78605.0,78631.0,78681.0,78715.0,78736.0,78794.0,78822.0
5089611,83700.0,83706.0,83755.0,83782.0,83822.0,83855.0,83913.0,84136.0,84238.0,84311.0,84448.0,84565.0,84607.0,84650.0,84675.0,84706.0,84749.0,84790.0,84823.0,84862.0,84894.0,84940.0,84977.0,85006.0,85045.0,85069.0,85099.0,85142.0,85178.0,85198.0,85223.0,85261.0,85328.0,85400.0,85463.0,85508.0,85554.0,85590.0,85629.0,85676.0,85710.0,85744.0,85765.0,85805.0,85831.0,85881.0,85915.0,85936.0,85994.0,86022.0
5092014,40500.0,40508.0,40568.0,40601.0,40650.0,40690.0,40763.0,40943.0,41025.0,41092.0,41186.0,41266.0,41299.0,41333.0,41358.0,41390.0,41434.0,41474.0,41510.0,41551.0,41579.0,41619.0,41651.0,41677.0,41718.0,41744.0,41775.0,41821.0,41858.0,41878.0,41913.0,41946.0,42004.0,42064.0,42123.0,42164.0,42207.0,42231.0,42267.0,42309.0,42343.0,42377.0,42398.0,42438.0,42463.0,42512.0,42545.0,42589.0,42710.0,42767.0
5092016,47700.0,47709.0,47779.0,47818.0,47874.0,47920.0,48003.0,48204.0,48296.0,48413.0,48512.0,48597.0,48632.0,48668.0,48696.0,48731.0,48779.0,48823.0,48862.0,48908.0,48943.0,48994.0,49035.0,49068.0,49122.0,49156.0,49197.0,49257.0,49305.0,49327.0,49351.0,49396.0,49475.0,49557.0,49618.0,49661.0,49705.0,49740.0,49781.0,49829.0,49874.0,49919.0,49947.0,50000.0,50034.0,50099.0,50143.0,50173.0,50257.0,50298.0
5092384,74700.0,74709.0,74781.0,74821.0,74879.0,74927.0,75013.0,75291.0,75419.0,75514.0,75652.0,75771.0,75813.0,75855.0,75889.0,75931.0,75989.0,76044.0,76090.0,76142.0,76181.0,76236.0,76280.0,76316.0,76367.0,76399.0,76438.0,76495.0,76541.0,76572.0,76608.0,76652.0,76729.0,76809.0,76876.0,76923.0,76971.0,77014.0,77057.0,77108.0,77144.0,77180.0,77202.0,77244.0,77271.0,77323.0,77360.0,77381.0,77440.0,77468.0
5092386,81900.0,81908.0,81969.0,82003.0,82052.0,82092.0,82165.0,82414.0,82528.0,82609.0,82732.0,82837.0,82876.0,82916.0,82943.0,82976.0,83022.0,83065.0,83102.0,83145.0,83174.0,83216.0,83250.0,83277.0,83315.0,83339.0,83368.0,83410.0,83445.0,83469.0,83500.0,83536.0,83600.0,83668.0,83726.0,83767.0,83810.0,83851.0,83893.0,83942.0,83975.0,84008.0,84029.0,84068.0,84093.0,84142.0,84175.0,84196.0,84255.0,84284.0
5093183,29220.0,29229.0,29300.0,29339.0,29397.0,29444.0,29529.0,29782.0,29898.0,29973.0,30125.0,30256.0,30312.0,30370.0,30402.0,30442.0,30498.0,30550.0,30590.0,30637.0,30675.0,30729.0,30772.0,30807.0,30868.0,30906.0,30952.0,31020.0,31077.0,31101.0,31143.0,31192.0,31279.0,31371.0,31477.0,31552.0,31630.0,31679.0,31731.0,31792.0,31832.0,31872.0,31897.0,31944.0,31974.0,32032.0,32071.0,32126.0,32277.0,32349.0
5093185,38400.0,38408.0,38474.0,38511.0,38565.0,38609.0,38688.0,38972.0,39102.0,39187.0,39331.0,39455.0,39499.0,39543.0,39576.0,39616.0,39672.0,39724.0,39765.0,39813.0,39848.0,39898.0,39938.0,39971.0,40022.0,40054.0,40093.0,40150.0,40196.0,40224.0,40267.0,40313.0,40394.0,40479.0,40552.0,40603.0,40656.0,40698.0,40740.0,40789.0,40831.0,40873.0,40899.0,40949.0,40981.0,41042.0,41084.0,41118.0,41211.0,41256.0
5093187,48000.0,48008.0,48074.0,48111.0,48165.0,48209.0,48288.0,48572.0,48702.0,48787.0,48931.0,49055.0,49099.0,49143.0,49176.0,49216.0,49272.0,49324.0,49365.0,49413.0,49448.0,49498.0,49538.0,49571.0,49622.0,49654.0,49693.0,49750.0,49796.0,49824.0,49867.0,49913.0,49994.0,50079.0,50152.0,50203.0,50256.0,50298.0,50340.0,50389.0,50431.0,50473.0,50499.0,50549.0,50581.0,50642.0,50684.0,50718.0,50811.0,50856.0
5093189,57600.0,57610.0,57693.0,57739.0,57806.0,57861.0,57961.0,58256.0,58391.0,58494.0,58650.0,58784.0,58866.0,58950.0,58994.0,59048.0,59123.0,59192.0,59239.0,59293.0,59344.0,59417.0,59475.0,59522.0,59599.0,59647.0,59706.0,59792.0,59863.0,59901.0,59955.0,60010.0,60106.0,60207.0,60288.0,60345.0,60405.0,60458.0,60510.0,60571.0,60614.0,60657.0,60684.0,60735.0,60768.0,60831.0,60874.0,60898.0,60964.0,60996.0
5093191,66300.0,66311.0,66403.0,66454.0,66528.0,66589.0,66700.0,67028.0,67179.0,67282.0,67472.0,67635.0,67697.0,67760.0,67800.0,67850.0,67919.0,67983.0,68028.0,68079.0,68123.0,68187.0,68238.0,68279.0,68337.0,68374.0,68418.0,68483.0,68536.0,68572.0,68622.0,68672.0,68761.0,68855.0,68920.0,68966.0,69014.0,69060.0,69111.0,69171.0,69211.0,69251.0,69276.0,69323.0,69353.0,69411.0,69451.0,69472.0,69530.0,69558.0
5093661,36900.0,36908.0,36968.0,37001.0,37050.0,37090.0,37163.0,37343.0,37425.0,37492.0,37586.0,37666.0,37699.0,37733.0,37758.0,37790.0,37834.0,37874.0,37910.0,37951.0,37979.0,38019.0,38051.0,38077.0,38118.0,38144.0,38175.0,38221.0,38258.0,38278.0,38313.0,38346.0,38404.0,38464.0,38523.0,38564.0,38607.0,38631.0,38667.0,38709.0,38743.0,38777.0,38798.0,38838.0,38863.0,38912.0,38945.0,38989.0,39110.0,39167.0
5093663,44100.0,44109.0,44179.0,44218.0,44274.0,44320.0,44403.0,44604.0,44696.0,44813.0,44912.0,44997.0,45032.0,45068.0,45096.0,45131.0,45179.0,45223.0,45262.0,45308.0,45343.0,45394.0,45435.0,45468.0,45522.0,45556.0,45597.0,45657.0,45705.0,45727.0,45751.0,45796.0,45875.0,45957.0,46018.0,46061.0,46105.0,46140.0,46181.0,46229.0,46274.0,46319.0,46347.0,46400.0,46434.0,46499.0,46543.0,46573.0,46657.0,46698.0
5093665,51300.0,51309.0,51379.0,51418.0,51474.0,51520.0,51603.0,51804.0,51896.0,52013.0,52112.0,52197.0,52232.0,52268.0,52296.0,52331.0,52379.0,52423.0,52462.0,52508.0,52543.0,52594.0,52635.0,52668.0,52722.0,52756.0,52797.0,52857.0,52905.0,52927.0,52951.0,52996.0,53075.0,53157.0,53218.0,53261.0,53305.0,53340.0,53381.0,53429.0,53474.0,53519.0,53547.0,53600.0,53634.0,53699.0,53743.0,53773.0,53857.0,53898.0
5093667,58500.0,58509.0,58578.0,58616.0,58672.0,58718.0,58802.0,59067.0,59188.0,59300.0,59427.0,59536.0,59573.0,59611.0,59651.0,59701.0,59770.0,59833.0,59872.0,59916.0,59948.0,59994.0,60031.0,60060.0,60105.0,60133.0,60167.0,60217.0,60257.0,60283.0,60309.0,60352.0,60427.0,60506.0,60562.0,60602.0,60643.0,60682.0,60717.0,60759.0,60793.0,60827.0,60848.0,60888.0,60914.0,60964.0,60997.0,61024.0,61099.0,61135.0
5093671,72900.0,72908.0,72974.0,73011.0,73065.0,73109.0,73188.0,73453.0,73574.0,73648.0,73786.0,73904.0,73946.0,73989.0,74021.0,74061.0,74116.0,74167.0,74206.0,74251.0,74288.0,74340.0,74382.0,74416.0,74478.0,74517.0,74564.0,74633.0,74690.0,74714.0,74747.0,74792.0,74871.0,74954.0,75017.0,75061.0,75107.0,75147.0,75197.0,75256.0,75293.0,75330.0,75353.0,75397.0,75425.0,75479.0,75517.0,75538.0,75597.0,75626.0
5093673,80100.0,80106.0,80155.0,80182.0,80222.0,80255.0,80313.0,80536.0,80638.0,80711.0,80848.0,80965.0,81007.0,81050.0,81075.0,81106.0,81149.0,81190.0,81223.0,81262.0,81294.0,81340.0,81377.0,81406.0,81445.0,81469.0,81499.0,81542.0,81578.0,81598.0,81623.0,81661.0,81728.0,81800.0,81863.0,81908.0,81954.0,81990.0,82029.0,82076.0,82110.0,82144.0,82165.0,82205.0,82231.0,82281.0,82315.0,82336.0,82394.0,82422.0
5095056,28380.0,28389.0,28460.0,28499.0,28557.0,28604.0,28689.0,28942.0,29058.0,29133.0,29285.0,29416.0,29472.0,29530.0,29562.0,29602.0,29658.0,29710.0,29750.0,29797.0,29835.0,29889.0,29932.0,29967.0,30028.0,30066.0,30112.0,30180.0,30237.0,30261.0,30303.0,30352.0,30439.0,30531.0,30637.0,30712.0,30790.0,30839.0,30891.0,30952.0,30992.0,31032.0,31057.0,31104.0,31134.0,31192.0,31231.0,31286.0,31437.0,31509.0
5095058,37200.0,37208.0,37274.0,37311.0,37365.0,37409.0,37488.0,37772.0,37902.0,37987.0,38131.0,38255.0,38299.0,38343.0,38376.0,38416.0,38472.0,38524.0,38565.0,38613.0,38648.0,38698.0,38738.0,38771.0,38822.0,38854.0,38893.0,38950.0,38996.0,39024.0,39067.0,39113.0,39194.0,39279.0,39352.0,39403.0,39456.0,39498.0,39540.0,39589.0,39631.0,39673.0,39699.0,39749.0,39781.0,39842.0,39884.0,39918.0,40011.0,40056.0
5095060,46800.0,46808.0,46874.0,46911.0,46965.0,47009.0,47088.0,47372.0,47502.0,47587.0,47731.0,47855.0,47899.0,47943.0,47976.0,48016.0,48072.0,48124.0,48165.0,48213.0,48248.0,48298.0,48338.0,48371.0,48422.0,48454.0,48493.0,48550.0,48596.0,48624.0,48667.0,48713.0,48794.0,48879.0,48952.0,49003.0,49056.0,49098.0,49140.0,49189.0,49231.0,49273.0,49299.0,49349.0,49381.0,49442.0,49484.0,49518.0,49611.0,49656.0
5095062,56400.0,56410.0,56493.0,56539.0,56606.0,56661.0,56761.0,57056.0,57191.0,57294.0,57450.0,57584.0,57666.0,57750.0,57794.0,57848.0,57923.0,57992.0,58039.0,58093.0,58144.0,58217.0,58275.0,58322.0,58399.0,58447.0,58506.0,58592.0,58663.0,58701.0,58755.0,58810.0,58906.0,59007.0,59088.0,59145.0,59205.0,59258.0,59310.0,59371.0,59414.0,59457.0,59484.0,59535.0,59568.0,59631.0,59674.0,59698.0,59764.0,59796.0
5095064,65400.0,65411.0,65503.0,65554.0,65628.0,65689.0,65800.0,66128.0,66279.0,66382.0,66572.0,66735.0,66797.0,66860.0,66900.0,66950.0,67019.0,67083.0,67128.0,67179.0,67223.0,67287.0,67338.0,67379.0,67437.0,67474.0,67518.0,67583.0,67636.0,67672.0,67722.0,67772.0,67861.0,67955.0,68020.0,68066.0,68114.0,68160.0,68211.0,68271.0,68311.0,68351.0,68376.0,68423.0,68453.0,68511.0,68551.0,68572.0,68630.0,68658.0
5095703,63780.0,63791.0,63883.0,63934.0,64008.0,64069.0,64179.0,64574.0,64755.0,64848.0,65032.0,65190.0,65306.0,65425.0,65466.0,65517.0,65588.0,65655.0,65710.0,65773.0,65822.0,65892.0,65948.0,65993.0,66059.0,66100.0,66150.0,66223.0,66283.0,66323.0,66372.0,66423.0,66512.0,66606.0,66679.0,66730.0,66783.0,66851.0,66908.0,66975.0,67015.0,67055.0,67080.0,67127.0,67157.0,67215.0,67254.0,67277.0,67341.0,67371.0
5095705,72900.0,72909.0,72981.0,73021.0,73079.0,73127.0,73213.0,73491.0,73619.0,73714.0,73852.0,73971.0,74013.0,74055.0,74089.0,74131.0,74189.0,74244.0,74290.0,74342.0,74381.0,74436.0,74480.0,74516.0,74567.0,74599.0,74638.0,74695.0,74741.0,74772.0,74808.0,74852.0,74929.0,75009.0,75076.0,75123.0,75171.0,75214.0,75257.0,75308.0,75344.0,75380.0,75402.0,75444.0,75471.0,75523.0,75560.0,75581.0,75640.0,75668.0
5095707,80100.0,80108.0,80169.0,80203.0,80252.0,80292.0,80365.0,80614.0,80728.0,80809.0,80932.0,81037.0,81076.0,81116.0,81143.0,81176.0,81222.0,81265.0,81302.0,81345.0,81374.0,81416.0,81450.0,81477.0,81515.0,81539.0,81568.0,81610.0,81645.0,81669.0,81700.0,81736.0,81800.0,81868.0,81926.0,81967.0,82010.0,82051.0,82093.0,82142.0,82175.0,82208.0,82229.0,82268.0,82293.0,82342.0,82375.0,82396.0,82455.0,82484.0
5096822,27420.0,27429.0,27500.0,27539.0,27597.0,27644.0,27730.0,27908.0,27990.0,28063.0,28214.0,28344.0,28386.0,28429.0,28457.0,28491.0,28539.0,28583.0,28622.0,28667.0,28702.0,28752.0,28793.0,28826.0,28879.0,28912.0,28952.0,29010.0,29058.0,29080.0,29117.0,29164.0,29246.0,29333.0,29414.0,29471.0,29531.0,29563.0,29668.0,29792.0,29866.0,29940.0,29986.0,30074.0,30130.0,30239.0,30315.0,30343.0,30420.0,30456.0
5096824,42000.0,42008.0,42074.0,42111.0,42165.0,42209.0,42288.0,42572.0,42702.0,42787.0,42931.0,43055.0,43099.0,43143.0,43176.0,43216.0,43272.0,43324.0,43365.0,43413.0,43448.0,43498.0,43538.0,43571.0,43622.0,43654.0,43693.0,43750.0,43796.0,43824.0,43867.0,43913.0,43994.0,44079.0,44152.0,44203.0,44256.0,44298.0,44340.0,44389.0,44431.0,44473.0,44499.0,44549.0,44581.0,44642.0,44684.0,44718.0,44811.0,44856.0
5096826,51600.0,51608.0,51674.0,51711.0,51765.0,51809.0,51888.0,52172.0,52302.0,52387.0,52531.0,52655.0,52699.0,52743.0,52776.0,52816.0,52872.0,52924.0,52965.0,53013.0,53048.0,53098.0,53138.0,53171.0,53222.0,53254.0,53293.0,53350.0,53396.0,53424.0,53467.0,53513.0,53594.0,53679.0,53752.0,53803.0,53856.0,53898.0,53940.0,53989.0,54031.0,54073.0,54099.0,54149.0,54181.0,54242.0,54284.0,54318.0,54411.0,54456.0
5096828,61380.0,61391.0,61483.0,61534.0,61608.0,61669.0,61779.0,62174.0,62355.0,62448.0,62632.0,62790.0,62906.0,63025.0,63066.0,63117.0,63188.0,63255.0,63310.0,63373.0,63422.0,63492.0,63548.0,63593.0,63659.0,63700.0,63750.0,63823.0,63883.0,63923.0,63972.0,64023.0,64112.0,64206.0,64279.0,64330.0,64383.0,64451.0,64508.0,64575.0,64615.0,64655.0,64680.0,64727.0,64757.0,64815.0,64854.0,64877.0,64941.0,64971.0
5098018,30180.0,30189.0,30260.0,30299.0,30357.0,30404.0,30489.0,30742.0,30858.0,30933.0,31085.0,31216.0,31272.0,31330.0,31362.0,31402.0,31458.0,31510.0,31550.0,31597.0,31635.0,31689.0,31732.0,31767.0,31828.0,31866.0,31912.0,31980.0,32037.0,32061.0,32103.0,32152.0,32239.0,32331.0,32437.0,32512.0,32590.0,32639.0,32691.0,32752.0,32792.0,32832.0,32857.0,32904.0,32934.0,32992.0,33031.0,33086.0,33237.0,33309.0
5099388,38700.0,38708.0,38768.0,38801.0,38850.0,38890.0,38963.0,39143.0,39225.0,39292.0,39386.0,39466.0,39499.0,39533.0,39558.0,39590.0,39634.0,39674.0,39710.0,39751.0,39779.0,39819.0,39851.0,39877.0,39918.0,39944.0,39975.0,40021.0,40058.0,40078.0,40113.0,40146.0,40204.0,40264.0,40323.0,40364.0,40407.0,40431.0,40467.0,40509.0,40543.0,40577.0,40598.0,40638.0,40663.0,40712.0,40745.0,40789.0,40910.0,40967.0
5099392,53100.0,53109.0,53179.0,53218.0,53274.0,53320.0,53403.0,53604.0,53696.0,53813.0,53912.0,53997.0,54032.0,54068.0,54096.0,54131.0,54179.0,54223.0,54262.0,54308.0,54343.0,54394.0,54435.0,54468.0,54522.0,54556.0,54597.0,54657.0,54705.0,54727.0,54751.0,54796.0,54875.0,54957.0,55018.0,55061.0,55105.0,55140.0,55181.0,55229.0,55274.0,55319.0,55347.0,55400.0,55434.0,55499.0,55543.0,55573.0,55657.0,55698.0
5099394,60300.0,60309.0,60378.0,60416.0,60472.0,60518.0,60602.0,60867.0,60988.0,61100.0,61227.0,61336.0,61373.0,61411.0,61451.0,61501.0,61570.0,61633.0,61672.0,61716.0,61748.0,61794.0,61831.0,61860.0,61905.0,61933.0,61967.0,62017.0,62057.0,62083.0,62109.0,62152.0,62227.0,62306.0,62362.0,62402.0,62443.0,62482.0,62517.0,62559.0,62593.0,62627.0,62648.0,62688.0,62714.0,62764.0,62797.0,62824.0,62899.0,62935.0
5099396,67500.0,67509.0,67578.0,67616.0,67672.0,67718.0,67800.0,68107.0,68248.0,68317.0,68440.0,68546.0,68594.0,68643.0,68673.0,68710.0,68761.0,68808.0,68853.0,68904.0,68949.0,69013.0,69065.0,69106.0,69169.0,69208.0,69255.0,69325.0,69382.0,69417.0,69457.0,69518.0,69626.0,69739.0,69796.0,69837.0,69879.0,69921.0,69969.0,70025.0,70065.0,70105.0,70130.0,70177.0,70207.0,70265.0,70303.0,70320.0,70368.0,70391.0
5099398,74700.0,74708.0,74774.0,74811.0,74865.0,74909.0,74988.0,75253.0,75374.0,75448.0,75586.0,75704.0,75746.0,75789.0,75821.0,75861.0,75916.0,75967.0,76006.0,76051.0,76088.0,76140.0,76182.0,76216.0,76278.0,76317.0,76364.0,76433.0,76490.0,76514.0,76547.0,76592.0,76671.0,76754.0,76817.0,76861.0,76907.0,76947.0,76997.0,77056.0,77093.0,77130.0,77153.0,77197.0,77225.0,77279.0,77317.0,77338.0,77397.0,77426.0
5099400,81900.0,81906.0,81955.0,81982.0,82022.0,82055.0,82113.0,82336.0,82438.0,82511.0,82648.0,82765.0,82807.0,82850.0,82875.0,82906.0,82949.0,82990.0,83023.0,83062.0,83094.0,83140.0,83177.0,83206.0,83245.0,83269.0,83299.0,83342.0,83378.0,83398.0,83423.0,83461.0,83528.0,83600.0,83663.0,83708.0,83754.0,83790.0,83829.0,83876.0,83910.0,83944.0,83965.0,84005.0,84031.0,84081.0,84115.0,84136.0,84194.0,84222.0
5099997,40800.0,40808.0,40874.0,40911.0,40965.0,41009.0,41088.0,41372.0,41502.0,41587.0,41731.0,41855.0,41899.0,41943.0,41976.0,42016.0,42072.0,42124.0,42165.0,42213.0,42248.0,42298.0,42338.0,42371.0,42422.0,42454.0,42493.0,42550.0,42596.0,42624.0,42667.0,42713.0,42794.0,42879.0,42952.0,43003.0,43056.0,43098.0,43140.0,43189.0,43231.0,43273.0,43299.0,43349.0,43381.0,43442.0,43484.0,43518.0,43611.0,43656.0
5099999,50400.0,50408.0,50474.0,50511.0,50565.0,50609.0,50688.0,50972.0,51102.0,51187.0,51331.0,51455.0,51499.0,51543.0,51576.0,51616.0,51672.0,51724.0,51765.0,51813.0,51848.0,51898.0,51938.0,51971.0,52022.0,52054.0,52093.0,52150.0,52196.0,52224.0,52267.0,52313.0,52394.0,52479.0,52552.0,52603.0,52656.0,52698.0,52740.0,52789.0,52831.0,52873.0,52899.0,52949.0,52981.0,53042.0,53084.0,53118.0,53211.0,53256.0
5100001,60180.0,60190.0,60273.0,60319.0,60386.0,60441.0,60541.0,60836.0,60971.0,61074.0,61230.0,61364.0,61446.0,61530.0,61574.0,61628.0,61703.0,61772.0,61819.0,61873.0,61924.0,61997.0,62055.0,62102.0,62179.0,62227.0,62286.0,62372.0,62443.0,62481.0,62535.0,62590.0,62686.0,62787.0,62868.0,62925.0,62985.0,63038.0,63090.0,63151.0,63194.0,63237.0,63264.0,63315.0,63348.0,63411.0,63454.0,63478.0,63544.0,63576.0
5100875,74700.0,74709.0,74781.0,74821.0,74879.0,74927.0,75013.0,75291.0,75419.0,75514.0,75652.0,75771.0,75813.0,75855.0,75889.0,75931.0,75989.0,76044.0,76090.0,76142.0,76181.0,76236.0,76280.0,76316.0,76367.0,76399.0,76438.0,76495.0,76541.0,76572.0,76608.0,76652.0,76729.0,76809.0,76876.0,76923.0,76971.0,77014.0,77057.0,77108.0,77144.0,77180.0,77202.0,77244.0,77271.0,77323.0,77360.0,77381.0,77440.0,77468.0
5101069,55200.0,55210.0,55293.0,55339.0,55406.0,55461.0,55561.0,55856.0,55991.0,56094.0,56250.0,56384.0,56466.0,56550.0,56594.0,56648.0,56723.0,56792.0,56839.0,56893.0,56944.0,57017.0,57075.0,57122.0,57199.0,57247.0,57306.0,57392.0,57463.0,57501.0,57555.0,57610.0,57706.0,57807.0,57888.0,57945.0,58005.0,58058.0,58110.0,58171.0,58214.0,58257.0,58284.0,58335.0,58368.0,58431.0,58474.0,58498.0,58564.0,58596.0
5101071,64380.0,64391.0,64483.0,64534.0,64608.0,64669.0,64779.0,65174.0,65355.0,65448.0,65632.0,65790.0,65906.0,66025.0,66066.0,66117.0,66188.0,66255.0,66310.0,66373.0,66422.0,66492.0,66548.0,66593.0,66659.0,66700.0,66750.0,66823.0,66883.0,66923.0,66972.0,67023.0,67112.0,67206.0,67279.0,67330.0,67383.0,67451.0,67508.0,67575.0,67615.0,67655.0,67680.0,67727.0,67757.0,67815.0,67854.0,67877.0,67941.0,67971.0
5103695,63780.0,63791.0,63883.0,63934.0,64008.0,64069.0,64179.0,64574.0,64755.0,64848.0,65032.0,65190.0,65306.0,65425.0,65466.0,65517.0,65588.0,65655.0,65710.0,65773.0,65822.0,65892.0,65948.0,65993.0,66059.0,66100.0,66150.0,66223.0,66283.0,66323.0,66372.0,66423.0,66512.0,66606.0,66679.0,66730.0,66783.0,66851.0,66908.0,66975.0,67015.0,67055.0,67080.0,67127.0,67157.0,67215.0,67254.0,67277.0,67341.0,67371.0
5103697,72900.0,72909.0,72981.0,73021.0,73079.0,73127.0,73213.0,73491.0,73619.0,73714.0,73852.0,73971.0,74013.0,74055.0,74089.0,74131.0,74189.0,74244.0,74290.0,74342.0,74381.0,74436.0,74480.0,74516.0,74567.0,74599.0,74638.0,74695.0,74741.0,74772.0,74808.0,74852.0,74929.0,75009.0,75076.0,75123.0,75171.0,75214.0,75257.0,75308.0,75344.0,75380.0,75402.0,75444.0,75471.0,75523.0,75560.0,75581.0,75640.0,75668.0
5103699,80100.0,80108.0,80169.0,80203.0,80252.0,80292.0,80365.0,80614.0,80728.0,80809.0,80932.0,81037.0,81076.0,81116.0,81143.0,81176.0,81222.0,81265.0,81302.0,81345.0,81374.0,81416.0,81450.0,81477.0,81515.0,81539.0,81568.0,81610.0,81645.0,81669.0,81700.0,81736.0,81800.0,81868.0,81926.0,81967.0,82010.0,82051.0,82093.0,82142.0,82175.0,82208.0,82229.0,82268.0,82293.0,82342.0,82375.0,82396.0,82455.0,82484.0
5104329,27420.0,27429.0,27500.0,27539.0,27597.0,27644.0,27730.0,27908.0,27990.0,28063.0,28214.0,28344.0,28386.0,28429.0,28457.0,28491.0,28539.0,28583.0,28622.0,28667.0,28702.0,28752.0,28793.0,28826.0,28879.0,28912.0,28952.0,29010.0,29058.0,29080.0,29117.0,29164.0,29246.0,29333.0,29414.0,29471.0,29531.0,29563.0,29668.0,29792.0,29866.0,29940.0,29986.0,30074.0,30130.0,30239.0,30315.0,30343.0,30420.0,30456.0
5104333,51600.0,51608.0,51674.0,51711.0,51765.0,51809.0,51888.0,52172.0,52302.0,52387.0,52531.0,52655.0,52699.0,52743.0,52776.0,52816.0,52872.0,52924.0,52965.0,53013.0,53048.0,53098.0,53138.0,53171.0,53222.0,53254.0,53293.0,53350.0,53396.0,53424.0,53467.0,53513.0,53594.0,53679.0,53752.0,53803.0,53856.0,53898.0,53940.0,53989.0,54031.0,54073.0,54099.0,54149.0,54181.0,54242.0,54284.0,54318.0,54411.0,54456.0
5104335,61380.0,61391.0,61483.0,61534.0,61608.0,61669.0,61779.0,62174.0,62355.0,62448.0,62632.0,62790.0,62906.0,63025.0,63066.0,63117.0,63188.0,63255.0,63310.0,63373.0,63422.0,63492.0,63548.0,63593.0,63659.0,63700.0,63750.0,63823.0,63883.0,63923.0,63972.0,64023.0,64112.0,64206.0,64279.0,64330.0,64383.0,64451.0,64508.0,64575.0,64615.0,64655.0,64680.0,64727.0,64757.0,64815.0,64854.0,64877.0,64941.0,64971.0
5105355,34800.0,34808.0,34874.0,34911.0,34965.0,35009.0,35088.0,35372.0,35502.0,35587.0,35731.0,35855.0,35899.0,35943.0,35976.0,36016.0,36072.0,36124.0,36165.0,36213.0,36248.0,36298.0,36338.0,36371.0,36422.0,36454.0,36493.0,36550.0,36596.0,36624.0,36667.0,36713.0,36794.0,36879.0,36952.0,37003.0,37056.0,37098.0,37140.0,37189.0,37231.0,37273.0,37299.0,37349.0,37381.0,37442.0,37484.0,37518.0,37611.0,37656.0
5105357,44400.0,44408.0,44474.0,44511.0,44565.0,44609.0,44688.0,44972.0,45102.0,45187.0,45331.0,45455.0,45499.0,45543.0,45576.0,45616.0,45672.0,45724.0,45765.0,45813.0,45848.0,45898.0,45938.0,45971.0,46022.0,46054.0,46093.0,46150.0,46196.0,46224.0,46267.0,46313.0,46394.0,46479.0,46552.0,46603.0,46656.0,46698.0,46740.0,46789.0,46831.0,46873.0,46899.0,46949.0,46981.0,47042.0,47084.0,47118.0,47211.0,47256.0
5105361,63180.0,63191.0,63283.0,63334.0,63408.0,63469.0,63579.0,63974.0,64155.0,64248.0,64432.0,64590.0,64706.0,64825.0,64866.0,64917.0,64988.0,65055.0,65110.0,65173.0,65222.0,65292.0,65348.0,65393.0,65459.0,65500.0,65550.0,65623.0,65683.0,65723.0,65772.0,65823.0,65912.0,66006.0,66079.0,66130.0,66183.0,66251.0,66308.0,66375.0,66415.0,66455.0,66480.0,66527.0,66557.0,66615.0,66654.0,66677.0,66741.0,66771.0
5105855,28380.0,28389.0,28460.0,28499.0,28557.0,28604.0,28689.0,28942.0,29058.0,29133.0,29285.0,29416.0,29472.0,29530.0,29562.0,29602.0,29658.0,29710.0,29750.0,29797.0,29835.0,29889.0,29932.0,29967.0,30028.0,30066.0,30112.0,30180.0,30237.0,30261.0,30303.0,30352.0,30439.0,30531.0,30637.0,30712.0,30790.0,30839.0,30891.0,30952.0,30992.0,31032.0,31057.0,31104.0,31134.0,31192.0,31231.0,31286.0,31437.0,31509.0
5105857,37200.0,37208.0,37274.0,37311.0,37365.0,37409.0,37488.0,37772.0,37902.0,37987.0,38131.0,38255.0,38299.0,38343.0,38376.0,38416.0,38472.0,38524.0,38565.0,38613.0,38648.0,38698.0,38738.0,38771.0,38822.0,38854.0,38893.0,38950.0,38996.0,39024.0,39067.0,39113.0,39194.0,39279.0,39352.0,39403.0,39456.0,39498.0,39540.0,39589.0,39631.0,39673.0,39699.0,39749.0,39781.0,39842.0,39884.0,39918.0,40011.0,40056.0
5105859,46800.0,46808.0,46874.0,46911.0,46965.0,47009.0,47088.0,47372.0,47502.0,47587.0,47731.0,47855.0,47899.0,47943.0,47976.0,48016.0,48072.0,48124.0,48165.0,48213.0,48248.0,48298.0,48338.0,48371.0,48422.0,48454.0,48493.0,48550.0,48596.0,48624.0,48667.0,48713.0,48794.0,48879.0,48952.0,49003.0,49056.0,49098.0,49140.0,49189.0,49231.0,49273.0,49299.0,49349.0,49381.0,49442.0,49484.0,49518.0,49611.0,49656.0
5105861,56400.0,56410.0,56493.0,56539.0,56606.0,56661.0,56761.0,57056.0,57191.0,57294.0,57450.0,57584.0,57666.0,57750.0,57794.0,57848.0,57923.0,57992.0,58039.0,58093.0,58144.0,58217.0,58275.0,58322.0,58399.0,58447.0,58506.0,58592.0,58663.0,58701.0,58755.0,58810.0,58906.0,59007.0,59088.0,59145.0,59205.0,59258.0,59310.0,59371.0,59414.0,59457.0,59484.0,59535.0,59568.0,59631.0,59674.0,59698.0,59764.0,59796.0
5105863,65400.0,65411.0,65503.0,65554.0,65628.0,65689.0,65800.0,66128.0,66279.0,66382.0,66572.0,66735.0,66797.0,66860.0,66900.0,66950.0,67019.0,67083.0,67128.0,67179.0,67223.0,67287.0,67338.0,67379.0,67437.0,67474.0,67518.0,67583.0,67636.0,67672.0,67722.0,67772.0,67861.0,67955.0,68020.0,68066.0,68114.0,68160.0,68211.0,68271.0,68311.0,68351.0,68376.0,68423.0,68453.0,68511.0,68551.0,68572.0,68630.0,68658.0
5108831,31200.0,31208.0,31274.0,31311.0,31365.0,31409.0,31488.0,31772.0,31902.0,31987.0,32131.0,32255.0,32299.0,32343.0,32376.0,32416.0,32472.0,32524.0,32565.0,32613.0,32648.0,32698.0,32738.0,32771.0,32822.0,32854.0,32893.0,32950.0,32996.0,33024.0,33067.0,33113.0,33194.0,33279.0,33352.0,33403.0,33456.0,33498.0,33540.0,33589.0,33631.0,33673.0,33699.0,33749.0,33781.0,33842.0,33884.0,33918.0,34011.0,34056.0
5108833,61980.0,61991.0,62083.0,62134.0,62208.0,62269.0,62379.0,62774.0,62955.0,63048.0,63232.0,63390.0,63506.0,63625.0,63666.0,63717.0,63788.0,63855.0,63910.0,63973.0,64022.0,64092.0,64148.0,64193.0,64259.0,64300.0,64350.0,64423.0,64483.0,64523.0,64572.0,64623.0,64712.0,64806.0,64879.0,64930.0,64983.0,65051.0,65108.0,65175.0,65215.0,65255.0,65280.0,65327.0,65357.0,65415.0,65454.0,65477.0,65541.0,65571.0
5109235,29220.0,29229.0,29300.0,29339.0,29397.0,29444.0,29529.0,29782.0,29898.0,29973.0,30125.0,30256.0,30312.0,30370.0,30402.0,30442.0,30498.0,30550.0,30590.0,30637.0,30675.0,30729.0,30772.0,30807.0,30868.0,30906.0,30952.0,31020.0,31077.0,31101.0,31143.0,31192.0,31279.0,31371.0,31477.0,31552.0,31630.0,31679.0,31731.0,31792.0,31832.0,31872.0,31897.0,31944.0,31974.0,32032.0,32071.0,32126.0,32277.0,32349.0
5109237,38400.0,38408.0,38474.0,38511.0,38565.0,38609.0,38688.0,38972.0,39102.0,39187.0,39331.0,39455.0,39499.0,39543.0,39576.0,39616.0,39672.0,39724.0,39765.0,39813.0,39848.0,39898.0,39938.0,39971.0,40022.0,40054.0,40093.0,40150.0,40196.0,40224.0,40267.0,40313.0,40394.0,40479.0,40552.0,40603.0,40656.0,40698.0,40740.0,40789.0,40831.0,40873.0,40899.0,40949.0,40981.0,41042.0,41084.0,41118.0,41211.0,41256.0
5109239,48000.0,48008.0,48074.0,48111.0,48165.0,48209.0,48288.0,48572.0,48702.0,48787.0,48931.0,49055.0,49099.0,49143.0,49176.0,49216.0,49272.0,49324.0,49365.0,49413.0,49448.0,49498.0,49538.0,49571.0,49622.0,49654.0,49693.0,49750.0,49796.0,49824.0,49867.0,49913.0,49994.0,50079.0,50152.0,50203.0,50256.0,50298.0,50340.0,50389.0,50431.0,50473.0,50499.0,50549.0,50581.0,50642.0,50684.0,50718.0,50811.0,50856.0
5109241,57600.0,57610.0,57693.0,57739.0,57806.0,57861.0,57961.0,58256.0,58391.0,58494.0,58650.0,58784.0,58866.0,58950.0,58994.0,59048.0,59123.0,59192.0,59239.0,59293.0,59344.0,59417.0,59475.0,59522.0,59599.0,59647.0,59706.0,59792.0,59863.0,59901.0,59955.0,60010.0,60106.0,60207.0,60288.0,60345.0,60405.0,60458.0,60510.0,60571.0,60614.0,60657.0,60684.0,60735.0,60768.0,60831.0,60874.0,60898.0,60964.0,60996.0
5109243,66300.0,66311.0,66403.0,66454.0,66528.0,66589.0,66700.0,67028.0,67179.0,67282.0,67472.0,67635.0,67697.0,67760.0,67800.0,67850.0,67919.0,67983.0,68028.0,68079.0,68123.0,68187.0,68238.0,68279.0,68337.0,68374.0,68418.0,68483.0,68536.0,68572.0,68622.0,68672.0,68761.0,68855.0,68920.0,68966.0,69014.0,69060.0,69111.0,69171.0,69211.0,69251.0,69276.0,69323.0,69353.0,69411.0,69451.0,69472.0,69530.0,69558.0
5111061,39600.0,39608.0,39674.0,39711.0,39765.0,39809.0,39888.0,40172.0,40302.0,40387.0,40531.0,40655.0,40699.0,40743.0,40776.0,40816.0,40872.0,40924.0,40965.0,41013.0,41048.0,41098.0,41138.0,41171.0,41222.0,41254.0,41293.0,41350.0,41396.0,41424.0,41467.0,41513.0,41594.0,41679.0,41752.0,41803.0,41856.0,41898.0,41940.0,41989.0,42031.0,42073.0,42099.0,42149.0,42181.0,42242.0,42284.0,42318.0,42411.0,42456.0
5111063,49200.0,49208.0,49274.0,49311.0,49365.0,49409.0,49488.0,49772.0,49902.0,49987.0,50131.0,50255.0,50299.0,50343.0,50376.0,50416.0,50472.0,50524.0,50565.0,50613.0,50648.0,50698.0,50738.0,50771.0,50822.0,50854.0,50893.0,50950.0,50996.0,51024.0,51067.0,51113.0,51194.0,51279.0,51352.0,51403.0,51456.0,51498.0,51540.0,51589.0,51631.0,51673.0,51699.0,51749.0,51781.0,51842.0,51884.0,51918.0,52011.0,52056.0
5111065,58800.0,58810.0,58893.0,58939.0,59006.0,59061.0,59161.0,59456.0,59591.0,59694.0,59850.0,59984.0,60066.0,60150.0,60194.0,60248.0,60323.0,60392.0,60439.0,60493.0,60544.0,60617.0,60675.0,60722.0,60799.0,60847.0,60906.0,60992.0,61063.0,61101.0,61155.0,61210.0,61306.0,61407.0,61488.0,61545.0,61605.0,61658.0,61710.0,61771.0,61814.0,61857.0,61884.0,61935.0,61968.0,62031.0,62074.0,62098.0,62164.0,62196.0
5111067,67200.0,67211.0,67303.0,67354.0,67428.0,67489.0,67600.0,67928.0,68079.0,68182.0,68372.0,68535.0,68597.0,68660.0,68700.0,68750.0,68819.0,68883.0,68928.0,68979.0,69023.0,69087.0,69138.0,69179.0,69237.0,69274.0,69318.0,69383.0,69436.0,69472.0,69522.0,69572.0,69661.0,69755.0,69820.0,69866.0,69914.0,69960.0,70011.0,70071.0,70111.0,70151.0,70176.0,70223.0,70253.0,70311.0,70351.0,70372.0,70430.0,70458.0
5112697,40800.0,40808.0,40874.0,40911.0,40965.0,41009.0,41088.0,41372.0,41502.0,41587.0,41731.0,41855.0,41899.0,41943.0,41976.0,42016.0,42072.0,42124.0,42165.0,42213.0,42248.0,42298.0,42338.0,42371.0,42422.0,42454.0,42493.0,42550.0,42596.0,42624.0,42667.0,42713.0,42794.0,42879.0,42952.0,43003.0,43056.0,43098.0,43140.0,43189.0,43231.0,43273.0,43299.0,43349.0,43381.0,43442.0,43484.0,43518.0,43611.0,43656.0
5112699,50400.0,50408.0,50474.0,50511.0,50565.0,50609.0,50688.0,50972.0,51102.0,51187.0,51331.0,51455.0,51499.0,51543.0,51576.0,51616.0,51672.0,51724.0,51765.0,51813.0,51848.0,51898.0,51938.0,51971.0,52022.0,52054.0,52093.0,52150.0,52196.0,52224.0,52267.0,52313.0,52394.0,52479.0,52552.0,52603.0,52656.0,52698.0,52740.0,52789.0,52831.0,52873.0,52899.0,52949.0,52981.0,53042.0,53084.0,53118.0,53211.0,53256.0
5112875,32400.0,32408.0,32474.0,32511.0,32565.0,32609.0,32688.0,32972.0,33102.0,33187.0,33331.0,33455.0,33499.0,33543.0,33576.0,33616.0,33672.0,33724.0,33765.0,33813.0,33848.0,33898.0,33938.0,33971.0,34022.0,34054.0,34093.0,34150.0,34196.0,34224.0,34267.0,34313.0,34394.0,34479.0,34552.0,34603.0,34656.0,34698.0,34740.0,34789.0,34831.0,34873.0,34899.0,34949.0,34981.0,35042.0,35084.0,35118.0,35211.0,35256.0
5112877,59580.0,59590.0,59673.0,59719.0,59786.0,59841.0,59941.0,60236.0,60371.0,60474.0,60630.0,60764.0,60846.0,60930.0,60974.0,61028.0,61103.0,61172.0,61219.0,61273.0,61324.0,61397.0,61455.0,61502.0,61579.0,61627.0,61686.0,61772.0,61843.0,61881.0,61935.0,61990.0,62086.0,62187.0,62268.0,62325.0,62385.0,62438.0,62490.0,62551.0,62594.0,62637.0,62664.0,62715.0,62748.0,62811.0,62854.0,62878.0,62944.0,62976.0
5112879,68400.0,68409.0,68481.0,68521.0,68579.0,68627.0,68713.0,68991.0,69119.0,69214.0,69352.0,69471.0,69513.0,69555.0,69589.0,69631.0,69689.0,69744.0,69790.0,69842.0,69881.0,69936.0,69980.0,70016.0,70067.0,70099.0,70138.0,70195.0,70241.0,70272.0,70308.0,70352.0,70429.0,70509.0,70576.0,70623.0,70671.0,70714.0,70757.0,70808.0,70844.0,70880.0,70902.0,70944.0,70971.0,71023.0,71060.0,71081.0,71140.0,71168.0
5112881,76500.0,76508.0,76569.0,76603.0,76652.0,76692.0,76765.0,77014.0,77128.0,77209.0,77332.0,77437.0,77476.0,77516.0,77543.0,77576.0,77622.0,77665.0,77702.0,77745.0,77774.0,77816.0,77850.0,77877.0,77915.0,77939.0,77968.0,78010.0,78045.0,78069.0,78100.0,78136.0,78200.0,78268.0,78326.0,78367.0,78410.0,78451.0,78493.0,78542.0,78575.0,78608.0,78629.0,78668.0,78693.0,78742.0,78775.0,78796.0,78855.0,78884.0
5112883,83700.0,83708.0,83769.0,83803.0,83852.0,83892.0,83965.0,84214.0,84328.0,84409.0,84532.0,84637.0,84676.0,84716.0,84743.0,84776.0,84822.0,84865.0,84902.0,84945.0,84974.0,85016.0,85050.0,85077.0,85115.0,85139.0,85168.0,85210.0,85245.0,85269.0,85300.0,85336.0,85400.0,85468.0,85526.0,85567.0,85610.0,85651.0,85693.0,85742.0,85775.0,85808.0,85829.0,85868.0,85893.0,85942.0,85975.0,85996.0,86055.0,86084.0
5113387,60180.0,60190.0,60273.0,60319.0,60386.0,60441.0,60541.0,60836.0,60971.0,61074.0,61230.0,61364.0,61446.0,61530.0,61574.0,61628.0,61703.0,61772.0,61819.0,61873.0,61924.0,61997.0,62055.0,62102.0,62179.0,62227.0,62286.0,62372.0,62443.0,62481.0,62535.0,62590.0,62686.0,62787.0,62868.0,62925.0,62985.0,63038.0,63090.0,63151.0,63194.0,63237.0,63264.0,63315.0,63348.0,63411.0,63454.0,63478.0,63544.0,63576.0
5113389,69300.0,69309.0,69381.0,69421.0,69479.0,69527.0,69613.0,69891.0,70019.0,70114.0,70252.0,70371.0,70413.0,70455.0,70489.0,70531.0,70589.0,70644.0,70690.0,70742.0,70781.0,70836.0,70880.0,70916.0,70967.0,70999.0,71038.0,71095.0,71141.0,71172.0,71208.0,71252.0,71329.0,71409.0,71476.0,71523.0,71571.0,71614.0,71657.0,71708.0,71744.0,71780.0,71802.0,71844.0,71871.0,71923.0,71960.0,71981.0,72040.0,72068.0
5113838,36000.0,36008.0,36074.0,36111.0,36165.0,36209.0,36288.0,36572.0,36702.0,36787.0,36931.0,37055.0,37099.0,37143.0,37176.0,37216.0,37272.0,37324.0,37365.0,37413.0,37448.0,37498.0,37538.0,37571.0,37622.0,37654.0,37693.0,37750.0,37796.0,37824.0,37867.0,37913.0,37994.0,38079.0,38152.0,38203.0,38256.0,38298.0,38340.0,38389.0,38431.0,38473.0,38499.0,38549.0,38581.0,38642.0,38684.0,38718.0,38811.0,38856.0
5113840,45600.0,45608.0,45674.0,45711.0,45765.0,45809.0,45888.0,46172.0,46302.0,46387.0,46531.0,46655.0,46699.0,46743.0,46776.0,46816.0,46872.0,46924.0,46965.0,47013.0,47048.0,47098.0,47138.0,47171.0,47222.0,47254.0,47293.0,47350.0,47396.0,47424.0,47467.0,47513.0,47594.0,47679.0,47752.0,47803.0,47856.0,47898.0,47940.0,47989.0,48031.0,48073.0,48099.0,48149.0,48181.0,48242.0,48284.0,48318.0,48411.0,48456.0
5114810,30180.0,30189.0,30260.0,30299.0,30357.0,30404.0,30489.0,30742.0,30858.0,30933.0,31085.0,31216.0,31272.0,31330.0,31362.0,31402.0,31458.0,31510.0,31550.0,31597.0,31635.0,31689.0,31732.0,31767.0,31828.0,31866.0,31912.0,31980.0,32037.0,32061.0,32103.0,32152.0,32239.0,32331.0,32437.0,32512.0,32590.0,32639.0,32691.0,32752.0,32792.0,32832.0,32857.0,32904.0,32934.0,32992.0,33031.0,33086.0,33237.0,33309.0
5117045,33600.0,33608.0,33674.0,33711.0,33765.0,33809.0,33888.0,34172.0,34302.0,34387.0,34531.0,34655.0,34699.0,34743.0,34776.0,34816.0,34872.0,34924.0,34965.0,35013.0,35048.0,35098.0,35138.0,35171.0,35222.0,35254.0,35293.0,35350.0,35396.0,35424.0,35467.0,35513.0,35594.0,35679.0,35752.0,35803.0,35856.0,35898.0,35940.0,35989.0,36031.0,36073.0,36099.0,36149.0,36181.0,36242.0,36284.0,36318.0,36411.0,36456.0
5117047,43200.0,43208.0,43274.0,43311.0,43365.0,43409.0,43488.0,43772.0,43902.0,43987.0,44131.0,44255.0,44299.0,44343.0,44376.0,44416.0,44472.0,44524.0,44565.0,44613.0,44648.0,44698.0,44738.0,44771.0,44822.0,44854.0,44893.0,44950.0,44996.0,45024.0,45067.0,45113.0,45194.0,45279.0,45352.0,45403.0,45456.0,45498.0,45540.0,45589.0,45631.0,45673.0,45699.0,45749.0,45781.0,45842.0,45884.0,45918.0,46011.0,46056.0
5117049,52800.0,52808.0,52874.0,52911.0,52965.0,53009.0,53088.0,53372.0,53502.0,53587.0,53731.0,53855.0,53899.0,53943.0,53976.0,54016.0,54072.0,54124.0,54165.0,54213.0,54248.0,54298.0,54338.0,54371.0,54422.0,54454.0,54493.0,54550.0,54596.0,54624.0,54667.0,54713.0,54794.0,54879.0,54952.0,55003.0,55056.0,55098.0,55140.0,55189.0,55231.0,55273.0,55299.0,55349.0,55381.0,55442.0,55484.0,55518.0,55611.0,55656.0
5117051,62580.0,62591.0,62683.0,62734.0,62808.0,62869.0,62979.0,63374.0,63555.0,63648.0,63832.0,63990.0,64106.0,64225.0,64266.0,64317.0,64388.0,64455.0,64510.0,64573.0,64622.0,64692.0,64748.0,64793.0,64859.0,64900.0,64950.0,65023.0,65083.0,65123.0,65172.0,65223.0,65312.0,65406.0,65479.0,65530.0,65583.0,65651.0,65708.0,65775.0,65815.0,65855.0,65880.0,65927.0,65957.0,66015.0,66054.0,66077.0,66141.0,66171.0
5117053,71100.0,71109.0,71181.0,71221.0,71279.0,71327.0,71413.0,71691.0,71819.0,71914.0,72052.0,72171.0,72213.0,72255.0,72289.0,72331.0,72389.0,72444.0,72490.0,72542.0,72581.0,72636.0,72680.0,72716.0,72767.0,72799.0,72838.0,72895.0,72941.0,72972.0,73008.0,73052.0,73129.0,73209.0,73276.0,73323.0,73371.0,73414.0,73457.0,73508.0,73544.0,73580.0,73602.0,73644.0,73671.0,73723.0,73760.0,73781.0,73840.0,73868.0
5117055,78300.0,78308.0,78369.0,78403.0,78452.0,78492.0,78565.0,78814.0,78928.0,79009.0,79132.0,79237.0,79276.0,79316.0,79343.0,79376.0,79422.0,79465.0,79502.0,79545.0,79574.0,79616.0,79650.0,79677.0,79715.0,79739.0,79768.0,79810.0,79845.0,79869.0,79900.0,79936.0,80000.0,80068.0,80126.0,80167.0,80210.0,80251.0,80293.0,80342.0,80375.0,80408.0,80429.0,80468.0,80493.0,80542.0,80575.0,80596.0,80655.0,80684.0
