tripid,001_P,002_P,003_P,004_P,005_P,006_P,007_P,008_P,009_P,010_P,011_P,012_P,013_P,014_P,015_P,016_P,017_P,018_P,019_P,020_P,021_P,022_P,023_P,024_P,025_P,026_P,027_P,028_P,029_P,030_P,031_P,032_P,033_P,034_P,035_P,036_P,037_P,038_P,039_P,040_P,041_P,042_P,043_P,044_P,045_P,046_P,047_P,048_P,049_P,050_P,051_P,052_P,053_P,054_P,055_P,056_P,057_P,058_P,059_P,060_P
0,288.0,1171.0,1172.0,1173.0,1174.0,1175.0,15.0,17.0,18.0,19.0,21.0,7602.0,85.0,203.0,204.0,205.0,1620.0,220.0,1622.0,1623.0,1624.0,1625.0,1626.0,1627.0,1628.0,1629.0,1630.0,3670.0,3671.0,3672.0,3674.0,3675.0,5030.0,5031.0,6033.0,3089.0,3090.0,3706.0,3707.0,3708.0,3709.0,3710.0,4925.0,4926.0,3678.0,3679.0,3711.0,3712.0,4916.0,4917.0,4918.0,4919.0,4920.0,4910.0,4911.0,4912.0,4913.0,4914.0,4915.0,4957.0
5002619,26640.0,26705.0,26754.0,26825.0,26915.0,27023.0,27103.0,27215.0,27276.0,27302.0,27361.0,27394.0,27437.0,27487.0,27554.0,27589.0,27628.0,27731.0,27780.0,27821.0,27896.0,27967.0,28026.0,28100.0,28151.0,28180.0,28292.0,28337.0,28415.0,28440.0,28517.0,28551.0,28610.0,28649.0,28704.0,28730.0,28751.0,28809.0,28829.0,28906.0,28935.0,28988.0,29029.0,29108.0,29150.0,29241.0,29294.0,29321.0,29343.0,29403.0,29446.0,29468.0,29507.0,29531.0,29543.0,29558.0,29585.0,29603.0,29626.0,29664.0
5002622,48000.0,48064.0,48113.0,48183.0,48272.0,48371.0,48445.0,48510.0,48576.0,48604.0,48668.0,48710.0,48766.0,48832.0,48899.0,48935.0,48980.0,49098.0,49157.0,49205.0,49303.0,49389.0,49450.0,49525.0,49570.0,49608.0,49735.0,49785.0,49874.0,49899.0,49978.0,50006.0,50101.0,50139.0,50192.0,50218.0,50239.0,50295.0,50314.0,50389.0,50417.0,50468.0,50543.0,50687.0,50764.0,50929.0,50976.0,51003.0,51025.0,51085.0,51128.0,51150.0,51189.0,51213.0,51225.0,51240.0,51267.0,51285.0,51308.0,51346.0
5002626,66000.0,66068.0,66120.0,66194.0,66287.0,66395.0,66474.0,66578.0,66681.0,66724.0,66825.0,66876.0,66943.0,67021.0,67098.0,67139.0,67183.0,67298.0,67358.0,67407.0,67515.0,67612.0,67679.0,67763.0,67812.0,67849.0,67982.0,68035.0,68127.0,68152.0,68241.0,68288.0,68425.0,68468.0,68529.0,68558.0,68582.0,68646.0,68668.0,68754.0,68786.0,68844.0,68914.0,69048.0,69120.0,69273.0,69318.0,69345.0,69367.0,69427.0,69470.0,69492.0,69531.0,69555.0,69567.0,69582.0,69609.0,69627.0,69650.0,69688.0
5003314,31200.0,31263.0,31311.0,31380.0,31469.0,31567.0,31639.0,31716.0,31775.0,31800.0,31857.0,31897.0,31949.0,32010.0,32084.0,32123.0,32167.0,32282.0,32342.0,32391.0,32473.0,32565.0,32626.0,32702.0,32748.0,32780.0,32885.0,32927.0,33000.0,33025.0,33106.0,33135.0,33218.0,33254.0,33305.0,33329.0,33349.0,33403.0,33421.0,33493.0,33520.0,33569.0,33626.0,33735.0,33793.0,33918.0,33963.0,33990.0,34012.0,34072.0,34115.0,34137.0,34176.0,34200.0,34212.0,34227.0,34254.0,34272.0,34295.0,34333.0
5003927,36900.0,36966.0,37016.0,37088.0,37179.0,37267.0,37332.0,37400.0,37455.0,37478.0,37531.0,37568.0,37616.0,37673.0,37724.0,37751.0,37792.0,37901.0,37961.0,38011.0,38101.0,38196.0,38258.0,38335.0,38377.0,38409.0,38517.0,38560.0,38635.0,38660.0,38741.0,38770.0,38850.0,38885.0,38935.0,38959.0,38978.0,39030.0,39048.0,39118.0,39144.0,39191.0,39255.0,39377.0,39442.0,39583.0,39649.0,39676.0,39698.0,39758.0,39801.0,39823.0,39862.0,39886.0,39898.0,39913.0,39940.0,39958.0,39981.0,40019.0
5003929,45600.0,45664.0,45713.0,45783.0,45872.0,45971.0,46045.0,46110.0,46176.0,46204.0,46268.0,46310.0,46366.0,46432.0,46499.0,46535.0,46580.0,46698.0,46757.0,46805.0,46903.0,46989.0,47050.0,47125.0,47170.0,47208.0,47335.0,47385.0,47474.0,47499.0,47578.0,47606.0,47701.0,47739.0,47792.0,47818.0,47839.0,47895.0,47914.0,47989.0,48017.0,48068.0,48143.0,48287.0,48364.0,48529.0,48576.0,48603.0,48625.0,48685.0,48728.0,48750.0,48789.0,48813.0,48825.0,48840.0,48867.0,48885.0,48908.0,48946.0
5003931,63600.0,63668.0,63720.0,63794.0,63887.0,63995.0,64074.0,64178.0,64281.0,64324.0,64425.0,64476.0,64543.0,64621.0,64698.0,64739.0,64783.0,64898.0,64958.0,65007.0,65115.0,65212.0,65279.0,65363.0,65412.0,65449.0,65582.0,65635.0,65727.0,65752.0,65841.0,65888.0,66025.0,66068.0,66129.0,66158.0,66182.0,66246.0,66268.0,66354.0,66386.0,66444.0,66514.0,66648.0,66720.0,66873.0,66918.0,66945.0,66967.0,67027.0,67070.0,67092.0,67131.0,67155.0,67167.0,67182.0,67209.0,67227.0,67250.0,67288.0
5004017,55200.0,55268.0,55320.0,55394.0,55487.0,55595.0,55674.0,55778.0,55881.0,55924.0,56025.0,56076.0,56143.0,56221.0,56298.0,56339.0,56383.0,56498.0,56558.0,56607.0,56715.0,56812.0,56879.0,56963.0,57012.0,57049.0,57182.0,57235.0,57327.0,57352.0,57441.0,57488.0,57625.0,57668.0,57729.0,57758.0,57782.0,57846.0,57868.0,57954.0,57986.0,58044.0,58114.0,58248.0,58320.0,58473.0,58518.0,58545.0,58567.0,58627.0,58670.0,58692.0,58731.0,58755.0,58767.0,58782.0,58809.0,58827.0,58850.0,58888.0
5004206,40500.0,40553.0,40593.0,40651.0,40725.0,40812.0,40876.0,40940.0,40994.0,41016.0,41068.0,41112.0,41169.0,41237.0,41299.0,41331.0,41368.0,41466.0,41522.0,41569.0,41680.0,41785.0,41856.0,41944.0,41998.0,42028.0,42132.0,42173.0,42245.0,42266.0,42355.0,42380.0,42481.0,42515.0,42562.0,42585.0,42603.0,42653.0,42670.0,42737.0,42762.0,42807.0,42892.0,43055.0,43142.0,43329.0,43375.0,43402.0,43424.0,43484.0,43527.0,43549.0,43588.0,43612.0,43624.0,43639.0,43666.0,43684.0,43707.0,43745.0
5004208,48600.0,48651.0,48690.0,48745.0,48815.0,48906.0,48974.0,49046.0,49095.0,49115.0,49162.0,49199.0,49248.0,49305.0,49373.0,49409.0,49447.0,49548.0,49601.0,49644.0,49750.0,49836.0,49893.0,49964.0,50004.0,50030.0,50132.0,50172.0,50243.0,50266.0,50351.0,50380.0,50468.0,50502.0,50550.0,50573.0,50592.0,50643.0,50660.0,50728.0,50753.0,50800.0,50867.0,50996.0,51065.0,51214.0,51247.0,51274.0,51296.0,51356.0,51399.0,51421.0,51460.0,51484.0,51496.0,51511.0,51538.0,51556.0,51579.0,51617.0
5004210,57000.0,57064.0,57113.0,57183.0,57273.0,57366.0,57435.0,57499.0,57551.0,57573.0,57624.0,57657.0,57700.0,57752.0,57812.0,57844.0,57885.0,57991.0,58053.0,58105.0,58200.0,58279.0,58335.0,58404.0,58443.0,58476.0,58570.0,58607.0,58672.0,58693.0,58769.0,58804.0,58894.0,58932.0,58986.0,59012.0,59033.0,59090.0,59109.0,59184.0,59212.0,59262.0,59331.0,59463.0,59534.0,59687.0,59727.0,59754.0,59776.0,59836.0,59879.0,59901.0,59940.0,59964.0,59976.0,59991.0,60018.0,60036.0,60059.0,60097.0
5004519,52800.0,52864.0,52913.0,52983.0,53072.0,53171.0,53245.0,53310.0,53376.0,53404.0,53468.0,53510.0,53566.0,53632.0,53699.0,53735.0,53780.0,53898.0,53957.0,54005.0,54103.0,54189.0,54250.0,54325.0,54370.0,54408.0,54535.0,54585.0,54674.0,54699.0,54778.0,54806.0,54901.0,54939.0,54992.0,55018.0,55039.0,55095.0,55114.0,55189.0,55217.0,55268.0,55343.0,55487.0,55564.0,55729.0,55776.0,55803.0,55825.0,55885.0,55928.0,55950.0,55989.0,56013.0,56025.0,56040.0,56067.0,56085.0,56108.0,56146.0
5004650,38700.0,38766.0,38816.0,38888.0,38979.0,39067.0,39132.0,39200.0,39255.0,39278.0,39331.0,39368.0,39416.0,39473.0,39524.0,39551.0,39592.0,39701.0,39761.0,39811.0,39901.0,39996.0,40058.0,40135.0,40177.0,40209.0,40317.0,40360.0,40435.0,40460.0,40541.0,40570.0,40650.0,40685.0,40735.0,40759.0,40778.0,40830.0,40848.0,40918.0,40944.0,40991.0,41055.0,41177.0,41242.0,41383.0,41449.0,41476.0,41498.0,41558.0,41601.0,41623.0,41662.0,41686.0,41698.0,41713.0,41740.0,41758.0,41781.0,41819.0
5004654,56400.0,56468.0,56520.0,56594.0,56687.0,56795.0,56874.0,56978.0,57081.0,57124.0,57225.0,57276.0,57343.0,57421.0,57498.0,57539.0,57583.0,57698.0,57758.0,57807.0,57915.0,58012.0,58079.0,58163.0,58212.0,58249.0,58382.0,58435.0,58527.0,58552.0,58641.0,58688.0,58825.0,58868.0,58929.0,58958.0,58982.0,59046.0,59068.0,59154.0,59186.0,59244.0,59314.0,59448.0,59520.0,59673.0,59718.0,59745.0,59767.0,59827.0,59870.0,59892.0,59931.0,59955.0,59967.0,59982.0,60009.0,60027.0,60050.0,60088.0
5004832,27900.0,27949.0,27986.0,28039.0,28107.0,28189.0,28250.0,28312.0,28352.0,28369.0,28407.0,28429.0,28458.0,28492.0,28543.0,28570.0,28603.0,28688.0,28727.0,28760.0,28826.0,28906.0,28953.0,29011.0,29055.0,29080.0,29159.0,29190.0,29245.0,29261.0,29341.0,29367.0,29440.0,29469.0,29510.0,29530.0,29546.0,29590.0,29605.0,29663.0,29685.0,29723.0,29764.0,29842.0,29884.0,29974.0,30025.0,30052.0,30074.0,30134.0,30177.0,30199.0,30238.0,30262.0,30274.0,30289.0,30316.0,30334.0,30357.0,30395.0
5004834,35100.0,35149.0,35186.0,35239.0,35307.0,35389.0,35450.0,35512.0,35552.0,35569.0,35607.0,35629.0,35658.0,35692.0,35743.0,35770.0,35803.0,35888.0,35927.0,35960.0,36026.0,36106.0,36153.0,36211.0,36255.0,36280.0,36359.0,36390.0,36445.0,36461.0,36541.0,36567.0,36640.0,36669.0,36710.0,36730.0,36746.0,36790.0,36805.0,36863.0,36885.0,36923.0,36964.0,37042.0,37084.0,37174.0,37225.0,37252.0,37274.0,37334.0,37377.0,37399.0,37438.0,37462.0,37474.0,37489.0,37516.0,37534.0,37557.0,37595.0
5004836,42900.0,42953.0,42993.0,43051.0,43125.0,43212.0,43276.0,43340.0,43394.0,43416.0,43468.0,43512.0,43569.0,43637.0,43699.0,43731.0,43768.0,43866.0,43922.0,43969.0,44080.0,44185.0,44256.0,44344.0,44398.0,44428.0,44532.0,44573.0,44645.0,44666.0,44755.0,44780.0,44881.0,44915.0,44962.0,44985.0,45003.0,45053.0,45070.0,45137.0,45162.0,45207.0,45292.0,45455.0,45542.0,45729.0,45775.0,45802.0,45824.0,45884.0,45927.0,45949.0,45988.0,46012.0,46024.0,46039.0,46066.0,46084.0,46107.0,46145.0
5004838,51000.0,51051.0,51090.0,51145.0,51215.0,51306.0,51374.0,51446.0,51495.0,51515.0,51562.0,51599.0,51648.0,51705.0,51773.0,51809.0,51847.0,51948.0,52001.0,52044.0,52150.0,52236.0,52293.0,52364.0,52404.0,52430.0,52532.0,52572.0,52643.0,52666.0,52751.0,52780.0,52868.0,52902.0,52950.0,52973.0,52992.0,53043.0,53060.0,53128.0,53153.0,53200.0,53267.0,53396.0,53465.0,53614.0,53647.0,53674.0,53696.0,53756.0,53799.0,53821.0,53860.0,53884.0,53896.0,53911.0,53938.0,53956.0,53979.0,54017.0
5004840,59400.0,59464.0,59513.0,59583.0,59673.0,59766.0,59835.0,59899.0,59951.0,59973.0,60024.0,60057.0,60100.0,60152.0,60212.0,60244.0,60285.0,60391.0,60453.0,60505.0,60600.0,60679.0,60735.0,60804.0,60843.0,60876.0,60970.0,61007.0,61072.0,61093.0,61169.0,61204.0,61294.0,61332.0,61386.0,61412.0,61433.0,61490.0,61509.0,61584.0,61612.0,61662.0,61731.0,61863.0,61934.0,62087.0,62127.0,62154.0,62176.0,62236.0,62279.0,62301.0,62340.0,62364.0,62376.0,62391.0,62418.0,62436.0,62459.0,62497.0
5004986,24000.0,24065.0,24114.0,24185.0,24275.0,24383.0,24463.0,24575.0,24636.0,24662.0,24721.0,24754.0,24797.0,24847.0,24914.0,24949.0,24988.0,25091.0,25140.0,25181.0,25256.0,25327.0,25386.0,25460.0,25511.0,25540.0,25652.0,25697.0,25775.0,25800.0,25877.0,25911.0,25970.0,26009.0,26064.0,26090.0,26111.0,26169.0,26189.0,26266.0,26295.0,26348.0,26389.0,26468.0,26510.0,26601.0,26654.0,26681.0,26703.0,26763.0,26806.0,26828.0,26867.0,26891.0,26903.0,26918.0,26945.0,26963.0,26986.0,27024.0
5004988,34200.0,34263.0,34311.0,34380.0,34469.0,34567.0,34639.0,34716.0,34775.0,34800.0,34857.0,34897.0,34949.0,35010.0,35084.0,35123.0,35167.0,35282.0,35342.0,35391.0,35473.0,35565.0,35626.0,35702.0,35748.0,35780.0,35885.0,35927.0,36000.0,36025.0,36106.0,36135.0,36218.0,36254.0,36305.0,36329.0,36349.0,36403.0,36421.0,36493.0,36520.0,36569.0,36626.0,36735.0,36793.0,36918.0,36963.0,36990.0,37012.0,37072.0,37115.0,37137.0,37176.0,37200.0,37212.0,37227.0,37254.0,37272.0,37295.0,37333.0
5004990,43200.0,43264.0,43313.0,43383.0,43472.0,43571.0,43645.0,43710.0,43776.0,43804.0,43868.0,43910.0,43966.0,44032.0,44099.0,44135.0,44180.0,44298.0,44357.0,44405.0,44503.0,44589.0,44650.0,44725.0,44770.0,44808.0,44935.0,44985.0,45074.0,45099.0,45178.0,45206.0,45301.0,45339.0,45392.0,45418.0,45439.0,45495.0,45514.0,45589.0,45617.0,45668.0,45743.0,45887.0,45964.0,46129.0,46176.0,46203.0,46225.0,46285.0,46328.0,46350.0,46389.0,46413.0,46425.0,46440.0,46467.0,46485.0,46508.0,46546.0
5005788,30600.0,30649.0,30686.0,30739.0,30807.0,30889.0,30950.0,31012.0,31052.0,31069.0,31107.0,31129.0,31158.0,31192.0,31243.0,31270.0,31303.0,31388.0,31427.0,31460.0,31526.0,31606.0,31653.0,31711.0,31755.0,31780.0,31859.0,31890.0,31945.0,31961.0,32041.0,32067.0,32140.0,32169.0,32210.0,32230.0,32246.0,32290.0,32305.0,32363.0,32385.0,32423.0,32464.0,32542.0,32584.0,32674.0,32725.0,32752.0,32774.0,32834.0,32877.0,32899.0,32938.0,32962.0,32974.0,32989.0,33016.0,33034.0,33057.0,33095.0
5005790,37800.0,37853.0,37893.0,37951.0,38025.0,38112.0,38176.0,38240.0,38294.0,38316.0,38368.0,38412.0,38469.0,38537.0,38599.0,38631.0,38668.0,38766.0,38822.0,38869.0,38980.0,39085.0,39156.0,39244.0,39298.0,39328.0,39432.0,39473.0,39545.0,39566.0,39655.0,39680.0,39781.0,39815.0,39862.0,39885.0,39903.0,39953.0,39970.0,40037.0,40062.0,40107.0,40192.0,40355.0,40442.0,40629.0,40675.0,40702.0,40724.0,40784.0,40827.0,40849.0,40888.0,40912.0,40924.0,40939.0,40966.0,40984.0,41007.0,41045.0
5005792,45300.0,45351.0,45390.0,45445.0,45515.0,45606.0,45674.0,45746.0,45795.0,45815.0,45862.0,45899.0,45948.0,46005.0,46073.0,46109.0,46147.0,46248.0,46301.0,46344.0,46450.0,46536.0,46593.0,46664.0,46704.0,46730.0,46832.0,46872.0,46943.0,46966.0,47051.0,47080.0,47168.0,47202.0,47250.0,47273.0,47292.0,47343.0,47360.0,47428.0,47453.0,47500.0,47567.0,47696.0,47765.0,47914.0,47947.0,47974.0,47996.0,48056.0,48099.0,48121.0,48160.0,48184.0,48196.0,48211.0,48238.0,48256.0,48279.0,48317.0
5005794,53400.0,53451.0,53490.0,53545.0,53615.0,53706.0,53774.0,53846.0,53895.0,53915.0,53962.0,53999.0,54048.0,54105.0,54173.0,54209.0,54247.0,54348.0,54401.0,54444.0,54550.0,54636.0,54693.0,54764.0,54804.0,54830.0,54932.0,54972.0,55043.0,55066.0,55151.0,55180.0,55268.0,55302.0,55350.0,55373.0,55392.0,55443.0,55460.0,55528.0,55553.0,55600.0,55667.0,55796.0,55865.0,56014.0,56047.0,56074.0,56096.0,56156.0,56199.0,56221.0,56260.0,56284.0,56296.0,56311.0,56338.0,56356.0,56379.0,56417.0
5005809,61560.0,61628.0,61680.0,61754.0,61847.0,61955.0,62034.0,62138.0,62241.0,62284.0,62385.0,62436.0,62503.0,62581.0,62658.0,62699.0,62743.0,62858.0,62918.0,62967.0,63075.0,63172.0,63239.0,63323.0,63372.0,63409.0,63542.0,63595.0,63687.0,63712.0,63801.0,63848.0,63985.0,64028.0,64089.0,64118.0,64142.0,64206.0,64228.0,64314.0,64346.0,64404.0,64474.0,64608.0,64680.0,64833.0,64878.0,64905.0,64927.0,64987.0,65030.0,65052.0,65091.0,65115.0,65127.0,65142.0,65169.0,65187.0,65210.0,65248.0
5005813,79200.0,79252.0,79292.0,79349.0,79421.0,79497.0,79554.0,79624.0,79729.0,79773.0,79874.0,79904.0,79943.0,79989.0,80034.0,80057.0,80089.0,80172.0,80208.0,80238.0,80294.0,80361.0,80406.0,80462.0,80500.0,80528.0,80621.0,80658.0,80723.0,80749.0,80820.0,80846.0,80903.0,80938.0,80987.0,81011.0,81030.0,81082.0,81100.0,81169.0,81195.0,81241.0,81278.0,81350.0,81389.0,81472.0,81512.0,81539.0,81561.0,81621.0,81664.0,81686.0,81725.0,81749.0,81761.0,81776.0,81803.0,81821.0,81844.0,81882.0
5006642,30000.0,30063.0,30111.0,30180.0,30269.0,30367.0,30439.0,30516.0,30575.0,30600.0,30657.0,30697.0,30749.0,30810.0,30884.0,30923.0,30967.0,31082.0,31142.0,31191.0,31273.0,31365.0,31426.0,31502.0,31548.0,31580.0,31685.0,31727.0,31800.0,31825.0,31906.0,31935.0,32018.0,32054.0,32105.0,32129.0,32149.0,32203.0,32221.0,32293.0,32320.0,32369.0,32426.0,32535.0,32593.0,32718.0,32763.0,32790.0,32812.0,32872.0,32915.0,32937.0,32976.0,33000.0,33012.0,33027.0,33054.0,33072.0,33095.0,33133.0
5006648,57480.0,57548.0,57600.0,57674.0,57767.0,57875.0,57954.0,58058.0,58161.0,58204.0,58305.0,58356.0,58423.0,58501.0,58578.0,58619.0,58663.0,58778.0,58838.0,58887.0,58995.0,59092.0,59159.0,59243.0,59292.0,59329.0,59462.0,59515.0,59607.0,59632.0,59721.0,59768.0,59905.0,59948.0,60009.0,60038.0,60062.0,60126.0,60148.0,60234.0,60266.0,60324.0,60394.0,60528.0,60600.0,60753.0,60798.0,60825.0,60847.0,60907.0,60950.0,60972.0,61011.0,61035.0,61047.0,61062.0,61089.0,61107.0,61130.0,61168.0
5007642,58200.0,58264.0,58313.0,58383.0,58473.0,58566.0,58635.0,58699.0,58751.0,58773.0,58824.0,58857.0,58900.0,58952.0,59012.0,59044.0,59085.0,59191.0,59253.0,59305.0,59400.0,59479.0,59535.0,59604.0,59643.0,59676.0,59770.0,59807.0,59872.0,59893.0,59969.0,60004.0,60094.0,60132.0,60186.0,60212.0,60233.0,60290.0,60309.0,60384.0,60412.0,60462.0,60531.0,60663.0,60734.0,60887.0,60927.0,60954.0,60976.0,61036.0,61079.0,61101.0,61140.0,61164.0,61176.0,61191.0,61218.0,61236.0,61259.0,61297.0
5007644,66600.0,66664.0,66713.0,66783.0,66873.0,66966.0,67035.0,67099.0,67151.0,67173.0,67224.0,67257.0,67300.0,67352.0,67412.0,67444.0,67485.0,67591.0,67653.0,67705.0,67800.0,67879.0,67935.0,68004.0,68043.0,68076.0,68170.0,68207.0,68272.0,68293.0,68369.0,68404.0,68494.0,68532.0,68586.0,68612.0,68633.0,68690.0,68709.0,68784.0,68812.0,68862.0,68931.0,69063.0,69134.0,69287.0,69327.0,69354.0,69376.0,69436.0,69479.0,69501.0,69540.0,69564.0,69576.0,69591.0,69618.0,69636.0,69659.0,69697.0
5007646,74700.0,74750.0,74788.0,74842.0,74912.0,74987.0,75043.0,75095.0,75142.0,75162.0,75207.0,75234.0,75270.0,75312.0,75348.0,75367.0,75400.0,75488.0,75529.0,75562.0,75639.0,75705.0,75753.0,75812.0,75851.0,75876.0,75963.0,75997.0,76058.0,76083.0,76154.0,76185.0,76246.0,76280.0,76328.0,76351.0,76369.0,76419.0,76436.0,76503.0,76528.0,76574.0,76629.0,76734.0,76790.0,76912.0,76952.0,76979.0,77001.0,77061.0,77104.0,77126.0,77165.0,77189.0,77201.0,77216.0,77243.0,77261.0,77284.0,77322.0
5007648,81900.0,81952.0,81991.0,82047.0,82119.0,82204.0,82267.0,82322.0,82365.0,82383.0,82424.0,82455.0,82495.0,82543.0,82581.0,82601.0,82631.0,82710.0,82747.0,82777.0,82841.0,82907.0,82948.0,83000.0,83040.0,83065.0,83139.0,83168.0,83220.0,83254.0,83336.0,83364.0,83418.0,83451.0,83498.0,83521.0,83539.0,83589.0,83606.0,83672.0,83697.0,83741.0,83783.0,83864.0,83907.0,84001.0,84039.0,84066.0,84088.0,84148.0,84191.0,84213.0,84252.0,84276.0,84288.0,84303.0,84330.0,84348.0,84371.0,84409.0
5008222,46200.0,46251.0,46290.0,46345.0,46415.0,46506.0,46574.0,46646.0,46695.0,46715.0,46762.0,46799.0,46848.0,46905.0,46973.0,47009.0,47047.0,47148.0,47201.0,47244.0,47350.0,47436.0,47493.0,47564.0,47604.0,47630.0,47732.0,47772.0,47843.0,47866.0,47951.0,47980.0,48068.0,48102.0,48150.0,48173.0,48192.0,48243.0,48260.0,48328.0,48353.0,48400.0,48467.0,48596.0,48665.0,48814.0,48847.0,48874.0,48896.0,48956.0,48999.0,49021.0,49060.0,49084.0,49096.0,49111.0,49138.0,49156.0,49179.0,49217.0
5008224,54600.0,54664.0,54713.0,54783.0,54873.0,54966.0,55035.0,55099.0,55151.0,55173.0,55224.0,55257.0,55300.0,55352.0,55412.0,55444.0,55485.0,55591.0,55653.0,55705.0,55800.0,55879.0,55935.0,56004.0,56043.0,56076.0,56170.0,56207.0,56272.0,56293.0,56369.0,56404.0,56494.0,56532.0,56586.0,56612.0,56633.0,56690.0,56709.0,56784.0,56812.0,56862.0,56931.0,57063.0,57134.0,57287.0,57327.0,57354.0,57376.0,57436.0,57479.0,57501.0,57540.0,57564.0,57576.0,57591.0,57618.0,57636.0,57659.0,57697.0
5008228,71100.0,71150.0,71188.0,71242.0,71312.0,71387.0,71443.0,71495.0,71542.0,71562.0,71607.0,71634.0,71670.0,71712.0,71748.0,71767.0,71800.0,71888.0,71929.0,71962.0,72039.0,72105.0,72153.0,72212.0,72251.0,72276.0,72363.0,72397.0,72458.0,72483.0,72554.0,72585.0,72646.0,72680.0,72728.0,72751.0,72769.0,72819.0,72836.0,72903.0,72928.0,72974.0,73029.0,73134.0,73190.0,73312.0,73352.0,73379.0,73401.0,73461.0,73504.0,73526.0,73565.0,73589.0,73601.0,73616.0,73643.0,73661.0,73684.0,73722.0
5008230,78300.0,78352.0,78391.0,78447.0,78519.0,78604.0,78667.0,78722.0,78765.0,78783.0,78824.0,78855.0,78895.0,78943.0,78981.0,79001.0,79031.0,79110.0,79147.0,79177.0,79241.0,79307.0,79348.0,79400.0,79440.0,79465.0,79539.0,79568.0,79620.0,79654.0,79736.0,79764.0,79818.0,79851.0,79898.0,79921.0,79939.0,79989.0,80006.0,80072.0,80097.0,80141.0,80183.0,80264.0,80307.0,80401.0,80439.0,80466.0,80488.0,80548.0,80591.0,80613.0,80652.0,80676.0,80688.0,80703.0,80730.0,80748.0,80771.0,80809.0
5008356,35400.0,35463.0,35511.0,35580.0,35669.0,35767.0,35839.0,35916.0,35975.0,36000.0,36057.0,36097.0,36149.0,36210.0,36284.0,36323.0,36367.0,36482.0,36542.0,36591.0,36673.0,36765.0,36826.0,36902.0,36948.0,36980.0,37085.0,37127.0,37200.0,37225.0,37306.0,37335.0,37418.0,37454.0,37505.0,37529.0,37549.0,37603.0,37621.0,37693.0,37720.0,37769.0,37826.0,37935.0,37993.0,38118.0,38163.0,38190.0,38212.0,38272.0,38315.0,38337.0,38376.0,38400.0,38412.0,38427.0,38454.0,38472.0,38495.0,38533.0
5008358,44400.0,44464.0,44513.0,44583.0,44672.0,44771.0,44845.0,44910.0,44976.0,45004.0,45068.0,45110.0,45166.0,45232.0,45299.0,45335.0,45380.0,45498.0,45557.0,45605.0,45703.0,45789.0,45850.0,45925.0,45970.0,46008.0,46135.0,46185.0,46274.0,46299.0,46378.0,46406.0,46501.0,46539.0,46592.0,46618.0,46639.0,46695.0,46714.0,46789.0,46817.0,46868.0,46943.0,47087.0,47164.0,47329.0,47376.0,47403.0,47425.0,47485.0,47528.0,47550.0,47589.0,47613.0,47625.0,47640.0,47667.0,47685.0,47708.0,47746.0
5008362,62400.0,62468.0,62520.0,62594.0,62687.0,62795.0,62874.0,62978.0,63081.0,63124.0,63225.0,63276.0,63343.0,63421.0,63498.0,63539.0,63583.0,63698.0,63758.0,63807.0,63915.0,64012.0,64079.0,64163.0,64212.0,64249.0,64382.0,64435.0,64527.0,64552.0,64641.0,64688.0,64825.0,64868.0,64929.0,64958.0,64982.0,65046.0,65068.0,65154.0,65186.0,65244.0,65314.0,65448.0,65520.0,65673.0,65718.0,65745.0,65767.0,65827.0,65870.0,65892.0,65931.0,65955.0,65967.0,65982.0,66009.0,66027.0,66050.0,66088.0
5008364,72000.0,72056.0,72099.0,72160.0,72238.0,72328.0,72395.0,72469.0,72635.0,72704.0,72865.0,72907.0,72962.0,73027.0,73089.0,73122.0,73163.0,73272.0,73323.0,73365.0,73440.0,73515.0,73568.0,73635.0,73677.0,73702.0,73798.0,73836.0,73902.0,73927.0,74004.0,74029.0,74107.0,74146.0,74201.0,74227.0,74248.0,74306.0,74326.0,74403.0,74432.0,74482.0,74532.0,74627.0,74678.0,74788.0,74835.0,74862.0,74884.0,74944.0,74987.0,75009.0,75048.0,75072.0,75084.0,75099.0,75126.0,75144.0,75167.0,75205.0
5008932,25500.0,25565.0,25614.0,25685.0,25775.0,25883.0,25963.0,26075.0,26136.0,26162.0,26221.0,26254.0,26297.0,26347.0,26414.0,26449.0,26488.0,26591.0,26640.0,26681.0,26756.0,26827.0,26886.0,26960.0,27011.0,27040.0,27152.0,27197.0,27275.0,27300.0,27377.0,27411.0,27470.0,27509.0,27564.0,27590.0,27611.0,27669.0,27689.0,27766.0,27795.0,27848.0,27889.0,27968.0,28010.0,28101.0,28154.0,28181.0,28203.0,28263.0,28306.0,28328.0,28367.0,28391.0,28403.0,28418.0,28445.0,28463.0,28486.0,28524.0
5008934,42000.0,42066.0,42116.0,42188.0,42279.0,42367.0,42432.0,42500.0,42555.0,42578.0,42631.0,42668.0,42716.0,42773.0,42824.0,42851.0,42892.0,43001.0,43061.0,43111.0,43201.0,43296.0,43358.0,43435.0,43477.0,43509.0,43617.0,43660.0,43735.0,43760.0,43841.0,43870.0,43950.0,43985.0,44035.0,44059.0,44078.0,44130.0,44148.0,44218.0,44244.0,44291.0,44355.0,44477.0,44542.0,44683.0,44749.0,44776.0,44798.0,44858.0,44901.0,44923.0,44962.0,44986.0,44998.0,45013.0,45040.0,45058.0,45081.0,45119.0
5008942,77400.0,77452.0,77492.0,77549.0,77621.0,77697.0,77754.0,77824.0,77929.0,77973.0,78074.0,78104.0,78143.0,78189.0,78234.0,78257.0,78289.0,78372.0,78408.0,78438.0,78494.0,78561.0,78606.0,78662.0,78700.0,78728.0,78821.0,78858.0,78923.0,78949.0,79020.0,79046.0,79103.0,79138.0,79187.0,79211.0,79230.0,79282.0,79300.0,79369.0,79395.0,79441.0,79478.0,79550.0,79589.0,79672.0,79712.0,79739.0,79761.0,79821.0,79864.0,79886.0,79925.0,79949.0,79961.0,79976.0,80003.0,80021.0,80044.0,80082.0
5008944,84600.0,84652.0,84692.0,84749.0,84821.0,84897.0,84954.0,85024.0,85129.0,85173.0,85274.0,85304.0,85343.0,85389.0,85434.0,85457.0,85489.0,85572.0,85608.0,85638.0,85694.0,85761.0,85806.0,85862.0,85900.0,85928.0,86021.0,86058.0,86123.0,86149.0,86220.0,86246.0,86303.0,86338.0,86387.0,86411.0,86430.0,86482.0,86500.0,86569.0,86595.0,86641.0,86678.0,86750.0,86789.0,86872.0,86912.0,86939.0,86961.0,87021.0,87064.0,87086.0,87125.0,87149.0,87161.0,87176.0,87203.0,87221.0,87244.0,87282.0
5009678,51600.0,51664.0,51713.0,51783.0,51872.0,51971.0,52045.0,52110.0,52176.0,52204.0,52268.0,52310.0,52366.0,52432.0,52499.0,52535.0,52580.0,52698.0,52757.0,52805.0,52903.0,52989.0,53050.0,53125.0,53170.0,53208.0,53335.0,53385.0,53474.0,53499.0,53578.0,53606.0,53701.0,53739.0,53792.0,53818.0,53839.0,53895.0,53914.0,53989.0,54017.0,54068.0,54143.0,54287.0,54364.0,54529.0,54576.0,54603.0,54625.0,54685.0,54728.0,54750.0,54789.0,54813.0,54825.0,54840.0,54867.0,54885.0,54908.0,54946.0
5009680,60600.0,60668.0,60720.0,60794.0,60887.0,60995.0,61074.0,61178.0,61281.0,61324.0,61425.0,61476.0,61543.0,61621.0,61698.0,61739.0,61783.0,61898.0,61958.0,62007.0,62115.0,62212.0,62279.0,62363.0,62412.0,62449.0,62582.0,62635.0,62727.0,62752.0,62841.0,62888.0,63025.0,63068.0,63129.0,63158.0,63182.0,63246.0,63268.0,63354.0,63386.0,63444.0,63514.0,63648.0,63720.0,63873.0,63918.0,63945.0,63967.0,64027.0,64070.0,64092.0,64131.0,64155.0,64167.0,64182.0,64209.0,64227.0,64250.0,64288.0
5009682,70200.0,70256.0,70299.0,70360.0,70438.0,70528.0,70595.0,70669.0,70835.0,70904.0,71065.0,71107.0,71162.0,71227.0,71289.0,71322.0,71363.0,71472.0,71523.0,71565.0,71640.0,71715.0,71768.0,71835.0,71877.0,71902.0,71998.0,72036.0,72102.0,72127.0,72204.0,72229.0,72307.0,72346.0,72401.0,72427.0,72448.0,72506.0,72526.0,72603.0,72632.0,72682.0,72732.0,72827.0,72878.0,72988.0,73035.0,73062.0,73084.0,73144.0,73187.0,73209.0,73248.0,73272.0,73284.0,73299.0,73326.0,73344.0,73367.0,73405.0
5010055,50400.0,50464.0,50513.0,50583.0,50672.0,50771.0,50845.0,50910.0,50976.0,51004.0,51068.0,51110.0,51166.0,51232.0,51299.0,51335.0,51380.0,51498.0,51557.0,51605.0,51703.0,51789.0,51850.0,51925.0,51970.0,52008.0,52135.0,52185.0,52274.0,52299.0,52378.0,52406.0,52501.0,52539.0,52592.0,52618.0,52639.0,52695.0,52714.0,52789.0,52817.0,52868.0,52943.0,53087.0,53164.0,53329.0,53376.0,53403.0,53425.0,53485.0,53528.0,53550.0,53589.0,53613.0,53625.0,53640.0,53667.0,53685.0,53708.0,53746.0
5010059,68400.0,68456.0,68499.0,68560.0,68638.0,68728.0,68795.0,68869.0,69035.0,69104.0,69265.0,69307.0,69362.0,69427.0,69489.0,69522.0,69563.0,69672.0,69723.0,69765.0,69840.0,69915.0,69968.0,70035.0,70077.0,70102.0,70198.0,70236.0,70302.0,70327.0,70404.0,70429.0,70507.0,70546.0,70601.0,70627.0,70648.0,70706.0,70726.0,70803.0,70832.0,70882.0,70932.0,71027.0,71078.0,71188.0,71235.0,71262.0,71284.0,71344.0,71387.0,71409.0,71448.0,71472.0,71484.0,71499.0,71526.0,71544.0,71567.0,71605.0
5010772,54000.0,54068.0,54120.0,54194.0,54287.0,54395.0,54474.0,54578.0,54681.0,54724.0,54825.0,54876.0,54943.0,55021.0,55098.0,55139.0,55183.0,55298.0,55358.0,55407.0,55515.0,55612.0,55679.0,55763.0,55812.0,55849.0,55982.0,56035.0,56127.0,56152.0,56241.0,56288.0,56425.0,56468.0,56529.0,56558.0,56582.0,56646.0,56668.0,56754.0,56786.0,56844.0,56914.0,57048.0,57120.0,57273.0,57318.0,57345.0,57367.0,57427.0,57470.0,57492.0,57531.0,57555.0,57567.0,57582.0,57609.0,57627.0,57650.0,57688.0
5010983,33000.0,33063.0,33111.0,33180.0,33269.0,33367.0,33439.0,33516.0,33575.0,33600.0,33657.0,33697.0,33749.0,33810.0,33884.0,33923.0,33967.0,34082.0,34142.0,34191.0,34273.0,34365.0,34426.0,34502.0,34548.0,34580.0,34685.0,34727.0,34800.0,34825.0,34906.0,34935.0,35018.0,35054.0,35105.0,35129.0,35149.0,35203.0,35221.0,35293.0,35320.0,35369.0,35426.0,35535.0,35593.0,35718.0,35763.0,35790.0,35812.0,35872.0,35915.0,35937.0,35976.0,36000.0,36012.0,36027.0,36054.0,36072.0,36095.0,36133.0
5013395,59700.0,59768.0,59820.0,59894.0,59987.0,60095.0,60174.0,60278.0,60381.0,60424.0,60525.0,60576.0,60643.0,60721.0,60798.0,60839.0,60883.0,60998.0,61058.0,61107.0,61215.0,61312.0,61379.0,61463.0,61512.0,61549.0,61682.0,61735.0,61827.0,61852.0,61941.0,61988.0,62125.0,62168.0,62229.0,62258.0,62282.0,62346.0,62368.0,62454.0,62486.0,62544.0,62614.0,62748.0,62820.0,62973.0,63018.0,63045.0,63067.0,63127.0,63170.0,63192.0,63231.0,63255.0,63267.0,63282.0,63309.0,63327.0,63350.0,63388.0
5013642,64800.0,64868.0,64920.0,64994.0,65087.0,65195.0,65274.0,65378.0,65481.0,65524.0,65625.0,65676.0,65743.0,65821.0,65898.0,65939.0,65983.0,66098.0,66158.0,66207.0,66315.0,66412.0,66479.0,66563.0,66612.0,66649.0,66782.0,66835.0,66927.0,66952.0,67041.0,67088.0,67225.0,67268.0,67329.0,67358.0,67382.0,67446.0,67468.0,67554.0,67586.0,67644.0,67714.0,67848.0,67920.0,68073.0,68118.0,68145.0,68167.0,68227.0,68270.0,68292.0,68331.0,68355.0,68367.0,68382.0,68409.0,68427.0,68450.0,68488.0
5013644,73800.0,73856.0,73899.0,73960.0,74038.0,74128.0,74195.0,74269.0,74435.0,74504.0,74665.0,74707.0,74762.0,74827.0,74889.0,74922.0,74963.0,75072.0,75123.0,75165.0,75240.0,75315.0,75368.0,75435.0,75477.0,75502.0,75598.0,75636.0,75702.0,75727.0,75804.0,75829.0,75907.0,75946.0,76001.0,76027.0,76048.0,76106.0,76126.0,76203.0,76232.0,76282.0,76332.0,76427.0,76478.0,76588.0,76635.0,76662.0,76684.0,76744.0,76787.0,76809.0,76848.0,76872.0,76884.0,76899.0,76926.0,76944.0,76967.0,77005.0
5013646,81000.0,81052.0,81092.0,81149.0,81221.0,81297.0,81354.0,81424.0,81529.0,81573.0,81674.0,81704.0,81743.0,81789.0,81834.0,81857.0,81889.0,81972.0,82008.0,82038.0,82094.0,82161.0,82206.0,82262.0,82300.0,82328.0,82421.0,82458.0,82523.0,82549.0,82620.0,82646.0,82703.0,82738.0,82787.0,82811.0,82830.0,82882.0,82900.0,82969.0,82995.0,83041.0,83078.0,83150.0,83189.0,83272.0,83312.0,83339.0,83361.0,83421.0,83464.0,83486.0,83525.0,83549.0,83561.0,83576.0,83603.0,83621.0,83644.0,83682.0
5015320,40200.0,40266.0,40316.0,40388.0,40479.0,40567.0,40632.0,40700.0,40755.0,40778.0,40831.0,40868.0,40916.0,40973.0,41024.0,41051.0,41092.0,41201.0,41261.0,41311.0,41401.0,41496.0,41558.0,41635.0,41677.0,41709.0,41817.0,41860.0,41935.0,41960.0,42041.0,42070.0,42150.0,42185.0,42235.0,42259.0,42278.0,42330.0,42348.0,42418.0,42444.0,42491.0,42555.0,42677.0,42742.0,42883.0,42949.0,42976.0,42998.0,43058.0,43101.0,43123.0,43162.0,43186.0,43198.0,43213.0,43240.0,43258.0,43281.0,43319.0
5015322,49200.0,49264.0,49313.0,49383.0,49472.0,49571.0,49645.0,49710.0,49776.0,49804.0,49868.0,49910.0,49966.0,50032.0,50099.0,50135.0,50180.0,50298.0,50357.0,50405.0,50503.0,50589.0,50650.0,50725.0,50770.0,50808.0,50935.0,50985.0,51074.0,51099.0,51178.0,51206.0,51301.0,51339.0,51392.0,51418.0,51439.0,51495.0,51514.0,51589.0,51617.0,51668.0,51743.0,51887.0,51964.0,52129.0,52176.0,52203.0,52225.0,52285.0,52328.0,52350.0,52389.0,52413.0,52425.0,52440.0,52467.0,52485.0,52508.0,52546.0
5015324,58200.0,58268.0,58320.0,58394.0,58487.0,58595.0,58674.0,58778.0,58881.0,58924.0,59025.0,59076.0,59143.0,59221.0,59298.0,59339.0,59383.0,59498.0,59558.0,59607.0,59715.0,59812.0,59879.0,59963.0,60012.0,60049.0,60182.0,60235.0,60327.0,60352.0,60441.0,60488.0,60625.0,60668.0,60729.0,60758.0,60782.0,60846.0,60868.0,60954.0,60986.0,61044.0,61114.0,61248.0,61320.0,61473.0,61518.0,61545.0,61567.0,61627.0,61670.0,61692.0,61731.0,61755.0,61767.0,61782.0,61809.0,61827.0,61850.0,61888.0
5015326,67200.0,67268.0,67320.0,67394.0,67487.0,67595.0,67674.0,67778.0,67881.0,67924.0,68025.0,68076.0,68143.0,68221.0,68298.0,68339.0,68383.0,68498.0,68558.0,68607.0,68715.0,68812.0,68879.0,68963.0,69012.0,69049.0,69182.0,69235.0,69327.0,69352.0,69441.0,69488.0,69625.0,69668.0,69729.0,69758.0,69782.0,69846.0,69868.0,69954.0,69986.0,70044.0,70114.0,70248.0,70320.0,70473.0,70518.0,70545.0,70567.0,70627.0,70670.0,70692.0,70731.0,70755.0,70767.0,70782.0,70809.0,70827.0,70850.0,70888.0
5017310,28800.0,28863.0,28911.0,28980.0,29069.0,29167.0,29239.0,29316.0,29375.0,29400.0,29457.0,29497.0,29549.0,29610.0,29684.0,29723.0,29767.0,29882.0,29942.0,29991.0,30073.0,30165.0,30226.0,30302.0,30348.0,30380.0,30485.0,30527.0,30600.0,30625.0,30706.0,30735.0,30818.0,30854.0,30905.0,30929.0,30949.0,31003.0,31021.0,31093.0,31120.0,31169.0,31226.0,31335.0,31393.0,31518.0,31563.0,31590.0,31612.0,31672.0,31715.0,31737.0,31776.0,31800.0,31812.0,31827.0,31854.0,31872.0,31895.0,31933.0
5017314,46800.0,46864.0,46913.0,46983.0,47072.0,47171.0,47245.0,47310.0,47376.0,47404.0,47468.0,47510.0,47566.0,47632.0,47699.0,47735.0,47780.0,47898.0,47957.0,48005.0,48103.0,48189.0,48250.0,48325.0,48370.0,48408.0,48535.0,48585.0,48674.0,48699.0,48778.0,48806.0,48901.0,48939.0,48992.0,49018.0,49039.0,49095.0,49114.0,49189.0,49217.0,49268.0,49343.0,49487.0,49564.0,49729.0,49776.0,49803.0,49825.0,49885.0,49928.0,49950.0,49989.0,50013.0,50025.0,50040.0,50067.0,50085.0,50108.0,50146.0
5017319,75600.0,75652.0,75692.0,75749.0,75821.0,75897.0,75954.0,76024.0,76129.0,76173.0,76274.0,76304.0,76343.0,76389.0,76434.0,76457.0,76489.0,76572.0,76608.0,76638.0,76694.0,76761.0,76806.0,76862.0,76900.0,76928.0,77021.0,77058.0,77123.0,77149.0,77220.0,77246.0,77303.0,77338.0,77387.0,77411.0,77430.0,77482.0,77500.0,77569.0,77595.0,77641.0,77678.0,77750.0,77789.0,77872.0,77912.0,77939.0,77961.0,78021.0,78064.0,78086.0,78125.0,78149.0,78161.0,78176.0,78203.0,78221.0,78244.0,78282.0
5017321,82800.0,82852.0,82892.0,82949.0,83021.0,83097.0,83154.0,83224.0,83329.0,83373.0,83474.0,83504.0,83543.0,83589.0,83634.0,83657.0,83689.0,83772.0,83808.0,83838.0,83894.0,83961.0,84006.0,84062.0,84100.0,84128.0,84221.0,84258.0,84323.0,84349.0,84420.0,84446.0,84503.0,84538.0,84587.0,84611.0,84630.0,84682.0,84700.0,84769.0,84795.0,84841.0,84878.0,84950.0,84989.0,85072.0,85112.0,85139.0,85161.0,85221.0,85264.0,85286.0,85325.0,85349.0,85361.0,85376.0,85403.0,85421.0,85444.0,85482.0
5083674,50400.0,50462.0,50509.0,50576.0,50662.0,50757.0,50828.0,50891.0,50955.0,50982.0,51043.0,51084.0,51138.0,51201.0,51266.0,51300.0,51343.0,51457.0,51513.0,51560.0,51654.0,51737.0,51795.0,51868.0,51911.0,51948.0,52070.0,52118.0,52204.0,52228.0,52304.0,52331.0,52422.0,52458.0,52509.0,52534.0,52554.0,52608.0,52627.0,52699.0,52726.0,52775.0,52847.0,52985.0,53059.0,53218.0,53263.0,53289.0,53311.0,53369.0,53410.0,53432.0,53469.0,53492.0,53504.0,53518.0,53544.0,53562.0,53584.0,53619.0
5083678,68400.0,68454.0,68495.0,68554.0,68629.0,68716.0,68780.0,68851.0,69011.0,69078.0,69232.0,69272.0,69325.0,69388.0,69448.0,69479.0,69519.0,69623.0,69672.0,69712.0,69784.0,69856.0,69907.0,69971.0,70011.0,70035.0,70127.0,70163.0,70227.0,70251.0,70325.0,70349.0,70424.0,70461.0,70514.0,70539.0,70559.0,70615.0,70634.0,70708.0,70736.0,70785.0,70833.0,70925.0,70974.0,71079.0,71124.0,71150.0,71172.0,71230.0,71271.0,71293.0,71330.0,71353.0,71365.0,71379.0,71405.0,71423.0,71445.0,71480.0
5083814,56700.0,56750.0,56788.0,56843.0,56913.0,56991.0,57048.0,57101.0,57151.0,57172.0,57221.0,57249.0,57286.0,57330.0,57375.0,57399.0,57436.0,57535.0,57583.0,57622.0,57703.0,57773.0,57823.0,57886.0,57924.0,57949.0,58045.0,58083.0,58149.0,58173.0,58244.0,58273.0,58342.0,58378.0,58429.0,58454.0,58474.0,58528.0,58546.0,58618.0,58645.0,58694.0,58747.0,58848.0,58902.0,59019.0,59056.0,59082.0,59104.0,59162.0,59203.0,59225.0,59262.0,59285.0,59297.0,59311.0,59337.0,59355.0,59377.0,59412.0
5083816,64800.0,64850.0,64888.0,64943.0,65013.0,65091.0,65148.0,65201.0,65251.0,65272.0,65321.0,65349.0,65386.0,65430.0,65475.0,65499.0,65536.0,65635.0,65683.0,65722.0,65803.0,65873.0,65923.0,65986.0,66024.0,66049.0,66145.0,66183.0,66249.0,66273.0,66344.0,66373.0,66442.0,66478.0,66529.0,66554.0,66574.0,66628.0,66646.0,66718.0,66745.0,66794.0,66847.0,66948.0,67002.0,67119.0,67156.0,67182.0,67204.0,67262.0,67303.0,67325.0,67362.0,67385.0,67397.0,67411.0,67437.0,67455.0,67477.0,67512.0
5083818,72900.0,72943.0,72976.0,73023.0,73084.0,73162.0,73219.0,73276.0,73312.0,73327.0,73363.0,73393.0,73433.0,73481.0,73533.0,73561.0,73596.0,73688.0,73719.0,73745.0,73805.0,73858.0,73897.0,73945.0,73979.0,74003.0,74082.0,74113.0,74169.0,74200.0,74273.0,74297.0,74367.0,74399.0,74444.0,74466.0,74483.0,74531.0,74547.0,74610.0,74634.0,74676.0,74718.0,74798.0,74841.0,74934.0,74967.0,74993.0,75015.0,75073.0,75114.0,75136.0,75173.0,75196.0,75208.0,75222.0,75248.0,75266.0,75288.0,75323.0
5083820,80100.0,80146.0,80181.0,80231.0,80295.0,80352.0,80395.0,80449.0,80485.0,80500.0,80536.0,80561.0,80594.0,80632.0,80668.0,80687.0,80720.0,80808.0,80843.0,80871.0,80917.0,80967.0,81006.0,81054.0,81092.0,81124.0,81211.0,81245.0,81306.0,81332.0,81400.0,81434.0,81487.0,81520.0,81567.0,81590.0,81608.0,81658.0,81675.0,81741.0,81766.0,81811.0,81853.0,81934.0,81977.0,82071.0,82111.0,82137.0,82159.0,82217.0,82258.0,82280.0,82317.0,82340.0,82352.0,82366.0,82392.0,82410.0,82432.0,82467.0
5083912,55200.0,55265.0,55315.0,55386.0,55476.0,55579.0,55656.0,55756.0,55856.0,55898.0,55994.0,56043.0,56107.0,56182.0,56256.0,56295.0,56337.0,56448.0,56506.0,56553.0,56657.0,56750.0,56815.0,56895.0,56942.0,56978.0,57106.0,57157.0,57245.0,57269.0,57355.0,57400.0,57532.0,57573.0,57632.0,57660.0,57683.0,57745.0,57766.0,57849.0,57880.0,57935.0,58002.0,58131.0,58200.0,58348.0,58391.0,58417.0,58439.0,58497.0,58538.0,58560.0,58597.0,58620.0,58632.0,58646.0,58672.0,58690.0,58712.0,58747.0
5085325,49500.0,49553.0,49593.0,49650.0,49723.0,49809.0,49872.0,49937.0,49986.0,50007.0,50054.0,50085.0,50126.0,50175.0,50233.0,50263.0,50303.0,50409.0,50457.0,50496.0,50604.0,50745.0,50796.0,50859.0,50901.0,50934.0,51063.0,51114.0,51203.0,51238.0,51312.0,51356.0,51422.0,51458.0,51509.0,51533.0,51553.0,51607.0,51625.0,51697.0,51724.0,51772.0,51824.0,51924.0,51978.0,52093.0,52156.0,52182.0,52204.0,52262.0,52303.0,52325.0,52362.0,52385.0,52397.0,52411.0,52437.0,52455.0,52477.0,52512.0
5085342,40200.0,40263.0,40311.0,40380.0,40468.0,40553.0,40615.0,40680.0,40733.0,40755.0,40806.0,40841.0,40888.0,40943.0,40992.0,41018.0,41058.0,41162.0,41220.0,41268.0,41355.0,41446.0,41506.0,41580.0,41620.0,41651.0,41755.0,41796.0,41868.0,41892.0,41970.0,41998.0,42075.0,42109.0,42157.0,42180.0,42198.0,42248.0,42265.0,42332.0,42357.0,42403.0,42464.0,42582.0,42645.0,42780.0,42843.0,42869.0,42891.0,42949.0,42990.0,43012.0,43049.0,43072.0,43084.0,43098.0,43124.0,43142.0,43164.0,43199.0
5085344,49200.0,49262.0,49309.0,49376.0,49462.0,49557.0,49628.0,49691.0,49755.0,49782.0,49843.0,49884.0,49938.0,50001.0,50066.0,50100.0,50143.0,50257.0,50313.0,50360.0,50454.0,50537.0,50595.0,50668.0,50711.0,50748.0,50870.0,50918.0,51004.0,51028.0,51104.0,51131.0,51222.0,51258.0,51309.0,51334.0,51354.0,51408.0,51427.0,51499.0,51526.0,51575.0,51647.0,51785.0,51859.0,52018.0,52063.0,52089.0,52111.0,52169.0,52210.0,52232.0,52269.0,52292.0,52304.0,52318.0,52344.0,52362.0,52384.0,52419.0
5085346,58200.0,58265.0,58315.0,58386.0,58476.0,58579.0,58656.0,58756.0,58856.0,58898.0,58994.0,59043.0,59107.0,59182.0,59256.0,59295.0,59337.0,59448.0,59506.0,59553.0,59657.0,59750.0,59815.0,59895.0,59942.0,59978.0,60106.0,60157.0,60245.0,60269.0,60355.0,60400.0,60532.0,60573.0,60632.0,60660.0,60683.0,60745.0,60766.0,60849.0,60880.0,60935.0,61002.0,61131.0,61200.0,61348.0,61391.0,61417.0,61439.0,61497.0,61538.0,61560.0,61597.0,61620.0,61632.0,61646.0,61672.0,61690.0,61712.0,61747.0
5085348,67200.0,67265.0,67315.0,67386.0,67476.0,67579.0,67656.0,67756.0,67856.0,67898.0,67994.0,68043.0,68107.0,68182.0,68256.0,68295.0,68337.0,68448.0,68506.0,68553.0,68657.0,68750.0,68815.0,68895.0,68942.0,68978.0,69106.0,69157.0,69245.0,69269.0,69355.0,69400.0,69532.0,69573.0,69632.0,69660.0,69683.0,69745.0,69766.0,69849.0,69880.0,69935.0,70002.0,70131.0,70200.0,70348.0,70391.0,70417.0,70439.0,70497.0,70538.0,70560.0,70597.0,70620.0,70632.0,70646.0,70672.0,70690.0,70712.0,70747.0
5085396,31200.0,31261.0,31308.0,31375.0,31459.0,31553.0,31622.0,31696.0,31753.0,31777.0,31832.0,31870.0,31920.0,31979.0,32050.0,32088.0,32130.0,32241.0,32299.0,32346.0,32425.0,32513.0,32572.0,32645.0,32689.0,32720.0,32821.0,32861.0,32932.0,32956.0,33034.0,33062.0,33142.0,33177.0,33226.0,33250.0,33269.0,33321.0,33339.0,33408.0,33434.0,33480.0,33534.0,33639.0,33695.0,33816.0,33859.0,33885.0,33907.0,33965.0,34006.0,34028.0,34065.0,34088.0,34100.0,34114.0,34140.0,34158.0,34180.0,34215.0
5085807,64800.0,64865.0,64915.0,64986.0,65076.0,65179.0,65256.0,65356.0,65456.0,65498.0,65594.0,65643.0,65707.0,65782.0,65856.0,65895.0,65937.0,66048.0,66106.0,66153.0,66257.0,66350.0,66415.0,66495.0,66542.0,66578.0,66706.0,66757.0,66845.0,66869.0,66955.0,67000.0,67132.0,67173.0,67232.0,67260.0,67283.0,67345.0,67366.0,67449.0,67480.0,67535.0,67602.0,67731.0,67800.0,67948.0,67991.0,68017.0,68039.0,68097.0,68138.0,68160.0,68197.0,68220.0,68232.0,68246.0,68272.0,68290.0,68312.0,68347.0
5085809,73800.0,73854.0,73895.0,73954.0,74029.0,74116.0,74180.0,74251.0,74411.0,74478.0,74632.0,74672.0,74725.0,74788.0,74848.0,74879.0,74919.0,75023.0,75072.0,75112.0,75184.0,75256.0,75307.0,75371.0,75411.0,75435.0,75527.0,75563.0,75627.0,75651.0,75725.0,75749.0,75824.0,75861.0,75914.0,75939.0,75959.0,76015.0,76034.0,76108.0,76136.0,76185.0,76233.0,76325.0,76374.0,76479.0,76524.0,76550.0,76572.0,76630.0,76671.0,76693.0,76730.0,76753.0,76765.0,76779.0,76805.0,76823.0,76845.0,76880.0
5085811,81000.0,81050.0,81088.0,81143.0,81213.0,81287.0,81341.0,81408.0,81509.0,81551.0,81648.0,81677.0,81715.0,81759.0,81802.0,81824.0,81855.0,81935.0,81970.0,81998.0,82052.0,82116.0,82159.0,82213.0,82250.0,82277.0,82367.0,82403.0,82465.0,82490.0,82558.0,82583.0,82638.0,82671.0,82718.0,82741.0,82759.0,82809.0,82826.0,82893.0,82918.0,82963.0,82999.0,83068.0,83105.0,83185.0,83223.0,83249.0,83271.0,83329.0,83370.0,83392.0,83429.0,83452.0,83464.0,83478.0,83504.0,83522.0,83544.0,83579.0
5087244,28800.0,28861.0,28908.0,28975.0,29059.0,29153.0,29222.0,29296.0,29353.0,29377.0,29432.0,29470.0,29520.0,29579.0,29650.0,29688.0,29730.0,29841.0,29899.0,29946.0,30025.0,30113.0,30172.0,30245.0,30289.0,30320.0,30421.0,30461.0,30532.0,30556.0,30634.0,30662.0,30742.0,30777.0,30826.0,30850.0,30869.0,30921.0,30939.0,31008.0,31034.0,31080.0,31134.0,31239.0,31295.0,31416.0,31459.0,31485.0,31507.0,31565.0,31606.0,31628.0,31665.0,31688.0,31700.0,31714.0,31740.0,31758.0,31780.0,31815.0
5087248,46800.0,46862.0,46909.0,46976.0,47062.0,47157.0,47228.0,47291.0,47355.0,47382.0,47443.0,47484.0,47538.0,47601.0,47666.0,47700.0,47743.0,47857.0,47913.0,47960.0,48054.0,48137.0,48195.0,48268.0,48311.0,48348.0,48470.0,48518.0,48604.0,48628.0,48704.0,48731.0,48822.0,48858.0,48909.0,48934.0,48954.0,49008.0,49027.0,49099.0,49126.0,49175.0,49247.0,49385.0,49459.0,49618.0,49663.0,49689.0,49711.0,49769.0,49810.0,49832.0,49869.0,49892.0,49904.0,49918.0,49944.0,49962.0,49984.0,50019.0
5087253,75600.0,75650.0,75688.0,75743.0,75813.0,75887.0,75941.0,76008.0,76109.0,76151.0,76248.0,76277.0,76315.0,76359.0,76402.0,76424.0,76455.0,76535.0,76570.0,76598.0,76652.0,76716.0,76759.0,76813.0,76850.0,76877.0,76967.0,77003.0,77065.0,77090.0,77158.0,77183.0,77238.0,77271.0,77318.0,77341.0,77359.0,77409.0,77426.0,77493.0,77518.0,77563.0,77599.0,77668.0,77705.0,77785.0,77823.0,77849.0,77871.0,77929.0,77970.0,77992.0,78029.0,78052.0,78064.0,78078.0,78104.0,78122.0,78144.0,78179.0
5087255,82800.0,82850.0,82888.0,82943.0,83013.0,83087.0,83141.0,83208.0,83309.0,83351.0,83448.0,83477.0,83515.0,83559.0,83602.0,83624.0,83655.0,83735.0,83770.0,83798.0,83852.0,83916.0,83959.0,84013.0,84050.0,84077.0,84167.0,84203.0,84265.0,84290.0,84358.0,84383.0,84438.0,84471.0,84518.0,84541.0,84559.0,84609.0,84626.0,84693.0,84718.0,84763.0,84799.0,84868.0,84905.0,84985.0,85023.0,85049.0,85071.0,85129.0,85170.0,85192.0,85229.0,85252.0,85264.0,85278.0,85304.0,85322.0,85344.0,85379.0
5087266,32400.0,32456.0,32499.0,32560.0,32637.0,32729.0,32797.0,32853.0,32904.0,32925.0,32974.0,33005.0,33045.0,33093.0,33141.0,33167.0,33191.0,33255.0,33294.0,33326.0,33371.0,33434.0,33485.0,33549.0,33593.0,33620.0,33734.0,33779.0,33859.0,33889.0,33958.0,33978.0,34016.0,34043.0,34081.0,34099.0,34113.0,34153.0,34167.0,34220.0,34240.0,34274.0,34310.0,34380.0,34417.0,34497.0,34522.0,34548.0,34570.0,34628.0,34669.0,34691.0,34728.0,34751.0,34763.0,34777.0,34803.0,34821.0,34843.0,34878.0
5087268,39000.0,39056.0,39099.0,39160.0,39237.0,39308.0,39361.0,39422.0,39458.0,39473.0,39509.0,39535.0,39569.0,39610.0,39647.0,39667.0,39697.0,39776.0,39815.0,39848.0,39911.0,39990.0,40034.0,40088.0,40122.0,40155.0,40234.0,40265.0,40321.0,40357.0,40425.0,40449.0,40528.0,40557.0,40598.0,40618.0,40634.0,40678.0,40693.0,40751.0,40773.0,40812.0,40852.0,40929.0,40970.0,41058.0,41082.0,41108.0,41130.0,41188.0,41229.0,41251.0,41288.0,41311.0,41323.0,41337.0,41363.0,41381.0,41403.0,41438.0
5087273,62400.0,62450.0,62488.0,62543.0,62613.0,62691.0,62748.0,62801.0,62851.0,62872.0,62921.0,62949.0,62986.0,63030.0,63075.0,63099.0,63136.0,63235.0,63283.0,63322.0,63403.0,63473.0,63523.0,63586.0,63624.0,63649.0,63745.0,63783.0,63849.0,63873.0,63944.0,63973.0,64042.0,64078.0,64129.0,64154.0,64174.0,64228.0,64246.0,64318.0,64345.0,64394.0,64447.0,64548.0,64602.0,64719.0,64756.0,64782.0,64804.0,64862.0,64903.0,64925.0,64962.0,64985.0,64997.0,65011.0,65037.0,65055.0,65077.0,65112.0
5087279,84600.0,84646.0,84681.0,84731.0,84795.0,84852.0,84895.0,84949.0,84985.0,85000.0,85036.0,85061.0,85094.0,85132.0,85168.0,85187.0,85220.0,85308.0,85343.0,85371.0,85417.0,85467.0,85506.0,85554.0,85592.0,85624.0,85711.0,85745.0,85806.0,85832.0,85900.0,85934.0,85987.0,86020.0,86067.0,86090.0,86108.0,86158.0,86175.0,86241.0,86266.0,86311.0,86353.0,86434.0,86477.0,86571.0,86611.0,86637.0,86659.0,86717.0,86758.0,86780.0,86817.0,86840.0,86852.0,86866.0,86892.0,86910.0,86932.0,86967.0
5087281,61560.0,61625.0,61675.0,61746.0,61836.0,61939.0,62016.0,62116.0,62216.0,62258.0,62354.0,62403.0,62467.0,62542.0,62616.0,62655.0,62697.0,62808.0,62866.0,62913.0,63017.0,63110.0,63175.0,63255.0,63302.0,63338.0,63466.0,63517.0,63605.0,63629.0,63715.0,63760.0,63892.0,63933.0,63992.0,64020.0,64043.0,64105.0,64126.0,64209.0,64240.0,64295.0,64362.0,64491.0,64560.0,64708.0,64751.0,64777.0,64799.0,64857.0,64898.0,64920.0,64957.0,64980.0,64992.0,65006.0,65032.0,65050.0,65072.0,65107.0
5087285,79200.0,79250.0,79288.0,79343.0,79413.0,79487.0,79541.0,79608.0,79709.0,79751.0,79848.0,79877.0,79915.0,79959.0,80002.0,80024.0,80055.0,80135.0,80170.0,80198.0,80252.0,80316.0,80359.0,80413.0,80450.0,80477.0,80567.0,80603.0,80665.0,80690.0,80758.0,80783.0,80838.0,80871.0,80918.0,80941.0,80959.0,81009.0,81026.0,81093.0,81118.0,81163.0,81199.0,81268.0,81305.0,81385.0,81423.0,81449.0,81471.0,81529.0,81570.0,81592.0,81629.0,81652.0,81664.0,81678.0,81704.0,81722.0,81744.0,81779.0
5087389,52800.0,52862.0,52909.0,52976.0,53062.0,53157.0,53228.0,53291.0,53355.0,53382.0,53443.0,53484.0,53538.0,53601.0,53666.0,53700.0,53743.0,53857.0,53913.0,53960.0,54054.0,54137.0,54195.0,54268.0,54311.0,54348.0,54470.0,54518.0,54604.0,54628.0,54704.0,54731.0,54822.0,54858.0,54909.0,54934.0,54954.0,55008.0,55027.0,55099.0,55126.0,55175.0,55247.0,55385.0,55459.0,55618.0,55663.0,55689.0,55711.0,55769.0,55810.0,55832.0,55869.0,55892.0,55904.0,55918.0,55944.0,55962.0,55984.0,56019.0
5088297,51600.0,51662.0,51709.0,51776.0,51862.0,51957.0,52028.0,52091.0,52155.0,52182.0,52243.0,52284.0,52338.0,52401.0,52466.0,52500.0,52543.0,52657.0,52713.0,52760.0,52854.0,52937.0,52995.0,53068.0,53111.0,53148.0,53270.0,53318.0,53404.0,53428.0,53504.0,53531.0,53622.0,53658.0,53709.0,53734.0,53754.0,53808.0,53827.0,53899.0,53926.0,53975.0,54047.0,54185.0,54259.0,54418.0,54463.0,54489.0,54511.0,54569.0,54610.0,54632.0,54669.0,54692.0,54704.0,54718.0,54744.0,54762.0,54784.0,54819.0
5088299,60600.0,60665.0,60715.0,60786.0,60876.0,60979.0,61056.0,61156.0,61256.0,61298.0,61394.0,61443.0,61507.0,61582.0,61656.0,61695.0,61737.0,61848.0,61906.0,61953.0,62057.0,62150.0,62215.0,62295.0,62342.0,62378.0,62506.0,62557.0,62645.0,62669.0,62755.0,62800.0,62932.0,62973.0,63032.0,63060.0,63083.0,63145.0,63166.0,63249.0,63280.0,63335.0,63402.0,63531.0,63600.0,63748.0,63791.0,63817.0,63839.0,63897.0,63938.0,63960.0,63997.0,64020.0,64032.0,64046.0,64072.0,64090.0,64112.0,64147.0
5088301,70200.0,70254.0,70295.0,70354.0,70429.0,70516.0,70580.0,70651.0,70811.0,70878.0,71032.0,71072.0,71125.0,71188.0,71248.0,71279.0,71319.0,71423.0,71472.0,71512.0,71584.0,71656.0,71707.0,71771.0,71811.0,71835.0,71927.0,71963.0,72027.0,72051.0,72125.0,72149.0,72224.0,72261.0,72314.0,72339.0,72359.0,72415.0,72434.0,72508.0,72536.0,72585.0,72633.0,72725.0,72774.0,72879.0,72924.0,72950.0,72972.0,73030.0,73071.0,73093.0,73130.0,73153.0,73165.0,73179.0,73205.0,73223.0,73245.0,73280.0
5088742,30000.0,30061.0,30108.0,30175.0,30259.0,30353.0,30422.0,30496.0,30553.0,30577.0,30632.0,30670.0,30720.0,30779.0,30850.0,30888.0,30930.0,31041.0,31099.0,31146.0,31225.0,31313.0,31372.0,31445.0,31489.0,31520.0,31621.0,31661.0,31732.0,31756.0,31834.0,31862.0,31942.0,31977.0,32026.0,32050.0,32069.0,32121.0,32139.0,32208.0,32234.0,32280.0,32334.0,32439.0,32495.0,32616.0,32659.0,32685.0,32707.0,32765.0,32806.0,32828.0,32865.0,32888.0,32900.0,32914.0,32940.0,32958.0,32980.0,33015.0
5089427,57480.0,57545.0,57595.0,57666.0,57756.0,57859.0,57936.0,58036.0,58136.0,58178.0,58274.0,58323.0,58387.0,58462.0,58536.0,58575.0,58617.0,58728.0,58786.0,58833.0,58937.0,59030.0,59095.0,59175.0,59222.0,59258.0,59386.0,59437.0,59525.0,59549.0,59635.0,59680.0,59812.0,59853.0,59912.0,59940.0,59963.0,60025.0,60046.0,60129.0,60160.0,60215.0,60282.0,60411.0,60480.0,60628.0,60671.0,60697.0,60719.0,60777.0,60818.0,60840.0,60877.0,60900.0,60912.0,60926.0,60952.0,60970.0,60992.0,61027.0
5089589,36900.0,36963.0,37011.0,37080.0,37168.0,37253.0,37315.0,37380.0,37433.0,37455.0,37506.0,37541.0,37588.0,37643.0,37692.0,37718.0,37758.0,37862.0,37920.0,37968.0,38055.0,38146.0,38206.0,38280.0,38320.0,38351.0,38455.0,38496.0,38568.0,38592.0,38670.0,38698.0,38775.0,38809.0,38857.0,38880.0,38898.0,38948.0,38965.0,39032.0,39057.0,39103.0,39164.0,39282.0,39345.0,39480.0,39543.0,39569.0,39591.0,39649.0,39690.0,39712.0,39749.0,39772.0,39784.0,39798.0,39824.0,39842.0,39864.0,39899.0
5089591,45600.0,45662.0,45709.0,45776.0,45862.0,45957.0,46028.0,46091.0,46155.0,46182.0,46243.0,46284.0,46338.0,46401.0,46466.0,46500.0,46543.0,46657.0,46713.0,46760.0,46854.0,46937.0,46995.0,47068.0,47111.0,47148.0,47270.0,47318.0,47404.0,47428.0,47504.0,47531.0,47622.0,47658.0,47709.0,47734.0,47754.0,47808.0,47827.0,47899.0,47926.0,47975.0,48047.0,48185.0,48259.0,48418.0,48463.0,48489.0,48511.0,48569.0,48610.0,48632.0,48669.0,48692.0,48704.0,48718.0,48744.0,48762.0,48784.0,48819.0
5089593,63600.0,63665.0,63715.0,63786.0,63876.0,63979.0,64056.0,64156.0,64256.0,64298.0,64394.0,64443.0,64507.0,64582.0,64656.0,64695.0,64737.0,64848.0,64906.0,64953.0,65057.0,65150.0,65215.0,65295.0,65342.0,65378.0,65506.0,65557.0,65645.0,65669.0,65755.0,65800.0,65932.0,65973.0,66032.0,66060.0,66083.0,66145.0,66166.0,66249.0,66280.0,66335.0,66402.0,66531.0,66600.0,66748.0,66791.0,66817.0,66839.0,66897.0,66938.0,66960.0,66997.0,67020.0,67032.0,67046.0,67072.0,67090.0,67112.0,67147.0
5090695,54000.0,54065.0,54115.0,54186.0,54276.0,54379.0,54456.0,54556.0,54656.0,54698.0,54794.0,54843.0,54907.0,54982.0,55056.0,55095.0,55137.0,55248.0,55306.0,55353.0,55457.0,55550.0,55615.0,55695.0,55742.0,55778.0,55906.0,55957.0,56045.0,56069.0,56155.0,56200.0,56332.0,56373.0,56432.0,56460.0,56483.0,56545.0,56566.0,56649.0,56680.0,56735.0,56802.0,56931.0,57000.0,57148.0,57191.0,57217.0,57239.0,57297.0,57338.0,57360.0,57397.0,57420.0,57432.0,57446.0,57472.0,57490.0,57512.0,57547.0
5092230,66000.0,66050.0,66088.0,66143.0,66213.0,66291.0,66348.0,66401.0,66451.0,66472.0,66521.0,66549.0,66586.0,66630.0,66675.0,66699.0,66736.0,66835.0,66883.0,66922.0,67003.0,67073.0,67123.0,67186.0,67224.0,67249.0,67345.0,67383.0,67449.0,67473.0,67544.0,67573.0,67642.0,67678.0,67729.0,67754.0,67774.0,67828.0,67846.0,67918.0,67945.0,67994.0,68047.0,68148.0,68202.0,68319.0,68356.0,68382.0,68404.0,68462.0,68503.0,68525.0,68562.0,68585.0,68597.0,68611.0,68637.0,68655.0,68677.0,68712.0
5094187,55200.0,55250.0,55288.0,55343.0,55413.0,55491.0,55548.0,55601.0,55651.0,55672.0,55721.0,55749.0,55786.0,55830.0,55875.0,55899.0,55936.0,56035.0,56083.0,56122.0,56203.0,56273.0,56323.0,56386.0,56424.0,56449.0,56545.0,56583.0,56649.0,56673.0,56744.0,56773.0,56842.0,56878.0,56929.0,56954.0,56974.0,57028.0,57046.0,57118.0,57145.0,57194.0,57247.0,57348.0,57402.0,57519.0,57556.0,57582.0,57604.0,57662.0,57703.0,57725.0,57762.0,57785.0,57797.0,57811.0,57837.0,57855.0,57877.0,57912.0
5094933,26640.0,26702.0,26749.0,26817.0,26904.0,27008.0,27085.0,27193.0,27252.0,27277.0,27333.0,27364.0,27405.0,27454.0,27518.0,27552.0,27590.0,27689.0,27737.0,27776.0,27848.0,27916.0,27973.0,28044.0,28093.0,28121.0,28229.0,28272.0,28347.0,28371.0,28445.0,28478.0,28535.0,28572.0,28625.0,28650.0,28670.0,28726.0,28745.0,28819.0,28847.0,28898.0,28937.0,29013.0,29054.0,29141.0,29192.0,29218.0,29240.0,29298.0,29339.0,29361.0,29398.0,29421.0,29433.0,29447.0,29473.0,29491.0,29513.0,29548.0
5094936,48000.0,48062.0,48109.0,48176.0,48262.0,48357.0,48428.0,48491.0,48555.0,48582.0,48643.0,48684.0,48738.0,48801.0,48866.0,48900.0,48943.0,49057.0,49113.0,49160.0,49254.0,49337.0,49395.0,49468.0,49511.0,49548.0,49670.0,49718.0,49804.0,49828.0,49904.0,49931.0,50022.0,50058.0,50109.0,50134.0,50154.0,50208.0,50227.0,50299.0,50326.0,50375.0,50447.0,50585.0,50659.0,50818.0,50863.0,50889.0,50911.0,50969.0,51010.0,51032.0,51069.0,51092.0,51104.0,51118.0,51144.0,51162.0,51184.0,51219.0
5094940,66000.0,66065.0,66115.0,66186.0,66276.0,66379.0,66456.0,66556.0,66656.0,66698.0,66794.0,66843.0,66907.0,66982.0,67056.0,67095.0,67137.0,67248.0,67306.0,67353.0,67457.0,67550.0,67615.0,67695.0,67742.0,67778.0,67906.0,67957.0,68045.0,68069.0,68155.0,68200.0,68332.0,68373.0,68432.0,68460.0,68483.0,68545.0,68566.0,68649.0,68680.0,68735.0,68802.0,68931.0,69000.0,69148.0,69191.0,69217.0,69239.0,69297.0,69338.0,69360.0,69397.0,69420.0,69432.0,69446.0,69472.0,69490.0,69512.0,69547.0
5095138,25500.0,25562.0,25609.0,25677.0,25764.0,25868.0,25945.0,26053.0,26112.0,26137.0,26193.0,26224.0,26265.0,26314.0,26378.0,26412.0,26450.0,26549.0,26597.0,26636.0,26708.0,26776.0,26833.0,26904.0,26953.0,26981.0,27089.0,27132.0,27207.0,27231.0,27305.0,27338.0,27395.0,27432.0,27485.0,27510.0,27530.0,27586.0,27605.0,27679.0,27707.0,27758.0,27797.0,27873.0,27914.0,28001.0,28052.0,28078.0,28100.0,28158.0,28199.0,28221.0,28258.0,28281.0,28293.0,28307.0,28333.0,28351.0,28373.0,28408.0
5095140,42000.0,42063.0,42111.0,42180.0,42268.0,42353.0,42415.0,42480.0,42533.0,42555.0,42606.0,42641.0,42688.0,42743.0,42792.0,42818.0,42858.0,42962.0,43020.0,43068.0,43155.0,43246.0,43306.0,43380.0,43420.0,43451.0,43555.0,43596.0,43668.0,43692.0,43770.0,43798.0,43875.0,43909.0,43957.0,43980.0,43998.0,44048.0,44065.0,44132.0,44157.0,44203.0,44264.0,44382.0,44445.0,44580.0,44643.0,44669.0,44691.0,44749.0,44790.0,44812.0,44849.0,44872.0,44884.0,44898.0,44924.0,44942.0,44964.0,44999.0
5095148,77400.0,77450.0,77488.0,77543.0,77613.0,77687.0,77741.0,77808.0,77909.0,77951.0,78048.0,78077.0,78115.0,78159.0,78202.0,78224.0,78255.0,78335.0,78370.0,78398.0,78452.0,78516.0,78559.0,78613.0,78650.0,78677.0,78767.0,78803.0,78865.0,78890.0,78958.0,78983.0,79038.0,79071.0,79118.0,79141.0,79159.0,79209.0,79226.0,79293.0,79318.0,79363.0,79399.0,79468.0,79505.0,79585.0,79623.0,79649.0,79671.0,79729.0,79770.0,79792.0,79829.0,79852.0,79864.0,79878.0,79904.0,79922.0,79944.0,79979.0
5095150,84600.0,84650.0,84688.0,84743.0,84813.0,84887.0,84941.0,85008.0,85109.0,85151.0,85248.0,85277.0,85315.0,85359.0,85402.0,85424.0,85455.0,85535.0,85570.0,85598.0,85652.0,85716.0,85759.0,85813.0,85850.0,85877.0,85967.0,86003.0,86065.0,86090.0,86158.0,86183.0,86238.0,86271.0,86318.0,86341.0,86359.0,86409.0,86426.0,86493.0,86518.0,86563.0,86599.0,86668.0,86705.0,86785.0,86823.0,86849.0,86871.0,86929.0,86970.0,86992.0,87029.0,87052.0,87064.0,87078.0,87104.0,87122.0,87144.0,87179.0
5095203,53400.0,53453.0,53493.0,53550.0,53623.0,53709.0,53772.0,53837.0,53886.0,53907.0,53954.0,53985.0,54026.0,54075.0,54133.0,54163.0,54203.0,54309.0,54357.0,54396.0,54504.0,54645.0,54696.0,54759.0,54801.0,54834.0,54963.0,55014.0,55103.0,55138.0,55212.0,55256.0,55322.0,55358.0,55409.0,55433.0,55453.0,55507.0,55525.0,55597.0,55624.0,55672.0,55724.0,55824.0,55878.0,55993.0,56056.0,56082.0,56104.0,56162.0,56203.0,56225.0,56262.0,56285.0,56297.0,56311.0,56337.0,56355.0,56377.0,56412.0
5095207,69300.0,69343.0,69376.0,69423.0,69484.0,69562.0,69619.0,69676.0,69712.0,69727.0,69763.0,69793.0,69833.0,69881.0,69933.0,69961.0,69996.0,70088.0,70119.0,70145.0,70205.0,70258.0,70297.0,70345.0,70379.0,70403.0,70482.0,70513.0,70569.0,70600.0,70673.0,70697.0,70767.0,70799.0,70844.0,70866.0,70883.0,70931.0,70947.0,71010.0,71034.0,71076.0,71118.0,71198.0,71241.0,71334.0,71367.0,71393.0,71415.0,71473.0,71514.0,71536.0,71573.0,71596.0,71608.0,71622.0,71648.0,71666.0,71688.0,71723.0
5095209,76500.0,76546.0,76581.0,76631.0,76695.0,76752.0,76795.0,76849.0,76885.0,76900.0,76936.0,76961.0,76994.0,77032.0,77068.0,77087.0,77120.0,77208.0,77243.0,77271.0,77317.0,77367.0,77406.0,77454.0,77492.0,77524.0,77611.0,77645.0,77706.0,77732.0,77800.0,77834.0,77887.0,77920.0,77967.0,77990.0,78008.0,78058.0,78075.0,78141.0,78166.0,78211.0,78253.0,78334.0,78377.0,78471.0,78511.0,78537.0,78559.0,78617.0,78658.0,78680.0,78717.0,78740.0,78752.0,78766.0,78792.0,78810.0,78832.0,78867.0
5095421,33000.0,33061.0,33108.0,33175.0,33259.0,33353.0,33422.0,33496.0,33553.0,33577.0,33632.0,33670.0,33720.0,33779.0,33850.0,33888.0,33930.0,34041.0,34099.0,34146.0,34225.0,34313.0,34372.0,34445.0,34489.0,34520.0,34621.0,34661.0,34732.0,34756.0,34834.0,34862.0,34942.0,34977.0,35026.0,35050.0,35069.0,35121.0,35139.0,35208.0,35234.0,35280.0,35334.0,35439.0,35495.0,35616.0,35659.0,35685.0,35707.0,35765.0,35806.0,35828.0,35865.0,35888.0,35900.0,35914.0,35940.0,35958.0,35980.0,36015.0
5095996,24000.0,24062.0,24109.0,24177.0,24264.0,24368.0,24445.0,24553.0,24612.0,24637.0,24693.0,24724.0,24765.0,24814.0,24878.0,24912.0,24950.0,25049.0,25097.0,25136.0,25208.0,25276.0,25333.0,25404.0,25453.0,25481.0,25589.0,25632.0,25707.0,25731.0,25805.0,25838.0,25895.0,25932.0,25985.0,26010.0,26030.0,26086.0,26105.0,26179.0,26207.0,26258.0,26297.0,26373.0,26414.0,26501.0,26552.0,26578.0,26600.0,26658.0,26699.0,26721.0,26758.0,26781.0,26793.0,26807.0,26833.0,26851.0,26873.0,26908.0
5095998,34200.0,34261.0,34308.0,34375.0,34459.0,34553.0,34622.0,34696.0,34753.0,34777.0,34832.0,34870.0,34920.0,34979.0,35050.0,35088.0,35130.0,35241.0,35299.0,35346.0,35425.0,35513.0,35572.0,35645.0,35689.0,35720.0,35821.0,35861.0,35932.0,35956.0,36034.0,36062.0,36142.0,36177.0,36226.0,36250.0,36269.0,36321.0,36339.0,36408.0,36434.0,36480.0,36534.0,36639.0,36695.0,36816.0,36859.0,36885.0,36907.0,36965.0,37006.0,37028.0,37065.0,37088.0,37100.0,37114.0,37140.0,37158.0,37180.0,37215.0
5096000,43200.0,43262.0,43309.0,43376.0,43462.0,43557.0,43628.0,43691.0,43755.0,43782.0,43843.0,43884.0,43938.0,44001.0,44066.0,44100.0,44143.0,44257.0,44313.0,44360.0,44454.0,44537.0,44595.0,44668.0,44711.0,44748.0,44870.0,44918.0,45004.0,45028.0,45104.0,45131.0,45222.0,45258.0,45309.0,45334.0,45354.0,45408.0,45427.0,45499.0,45526.0,45575.0,45647.0,45785.0,45859.0,46018.0,46063.0,46089.0,46111.0,46169.0,46210.0,46232.0,46269.0,46292.0,46304.0,46318.0,46344.0,46362.0,46384.0,46419.0
5096807,51000.0,51053.0,51093.0,51150.0,51223.0,51309.0,51372.0,51437.0,51486.0,51507.0,51554.0,51585.0,51626.0,51675.0,51733.0,51763.0,51803.0,51909.0,51957.0,51996.0,52104.0,52245.0,52296.0,52359.0,52401.0,52434.0,52563.0,52614.0,52703.0,52738.0,52812.0,52856.0,52922.0,52958.0,53009.0,53033.0,53053.0,53107.0,53125.0,53197.0,53224.0,53272.0,53324.0,53424.0,53478.0,53593.0,53656.0,53682.0,53704.0,53762.0,53803.0,53825.0,53862.0,53885.0,53897.0,53911.0,53937.0,53955.0,53977.0,54012.0
5096809,59400.0,59450.0,59488.0,59543.0,59613.0,59691.0,59748.0,59801.0,59851.0,59872.0,59921.0,59949.0,59986.0,60030.0,60075.0,60099.0,60136.0,60235.0,60283.0,60322.0,60403.0,60473.0,60523.0,60586.0,60624.0,60649.0,60745.0,60783.0,60849.0,60873.0,60944.0,60973.0,61042.0,61078.0,61129.0,61154.0,61174.0,61228.0,61246.0,61318.0,61345.0,61394.0,61447.0,61548.0,61602.0,61719.0,61756.0,61782.0,61804.0,61862.0,61903.0,61925.0,61962.0,61985.0,61997.0,62011.0,62037.0,62055.0,62077.0,62112.0
5096811,67500.0,67550.0,67588.0,67643.0,67713.0,67791.0,67848.0,67901.0,67951.0,67972.0,68021.0,68049.0,68086.0,68130.0,68175.0,68199.0,68236.0,68335.0,68383.0,68422.0,68503.0,68573.0,68623.0,68686.0,68724.0,68749.0,68845.0,68883.0,68949.0,68973.0,69044.0,69073.0,69142.0,69178.0,69229.0,69254.0,69274.0,69328.0,69346.0,69418.0,69445.0,69494.0,69547.0,69648.0,69702.0,69819.0,69856.0,69882.0,69904.0,69962.0,70003.0,70025.0,70062.0,70085.0,70097.0,70111.0,70137.0,70155.0,70177.0,70212.0
5097319,47700.0,47753.0,47793.0,47850.0,47923.0,48009.0,48072.0,48137.0,48186.0,48207.0,48254.0,48285.0,48326.0,48375.0,48433.0,48463.0,48503.0,48609.0,48657.0,48696.0,48804.0,48945.0,48996.0,49059.0,49101.0,49134.0,49263.0,49314.0,49403.0,49438.0,49512.0,49556.0,49622.0,49658.0,49709.0,49733.0,49753.0,49807.0,49825.0,49897.0,49924.0,49972.0,50024.0,50124.0,50178.0,50293.0,50356.0,50382.0,50404.0,50462.0,50503.0,50525.0,50562.0,50585.0,50597.0,50611.0,50637.0,50655.0,50677.0,50712.0
5097323,63600.0,63650.0,63688.0,63743.0,63813.0,63891.0,63948.0,64001.0,64051.0,64072.0,64121.0,64149.0,64186.0,64230.0,64275.0,64299.0,64336.0,64435.0,64483.0,64522.0,64603.0,64673.0,64723.0,64786.0,64824.0,64849.0,64945.0,64983.0,65049.0,65073.0,65144.0,65173.0,65242.0,65278.0,65329.0,65354.0,65374.0,65428.0,65446.0,65518.0,65545.0,65594.0,65647.0,65748.0,65802.0,65919.0,65956.0,65982.0,66004.0,66062.0,66103.0,66125.0,66162.0,66185.0,66197.0,66211.0,66237.0,66255.0,66277.0,66312.0
5097325,71100.0,71143.0,71176.0,71223.0,71284.0,71362.0,71419.0,71476.0,71512.0,71527.0,71563.0,71593.0,71633.0,71681.0,71733.0,71761.0,71796.0,71888.0,71919.0,71945.0,72005.0,72058.0,72097.0,72145.0,72179.0,72203.0,72282.0,72313.0,72369.0,72400.0,72473.0,72497.0,72567.0,72599.0,72644.0,72666.0,72683.0,72731.0,72747.0,72810.0,72834.0,72876.0,72918.0,72998.0,73041.0,73134.0,73167.0,73193.0,73215.0,73273.0,73314.0,73336.0,73373.0,73396.0,73408.0,73422.0,73448.0,73466.0,73488.0,73523.0
5097327,78300.0,78346.0,78381.0,78431.0,78495.0,78552.0,78595.0,78649.0,78685.0,78700.0,78736.0,78761.0,78794.0,78832.0,78868.0,78887.0,78920.0,79008.0,79043.0,79071.0,79117.0,79167.0,79206.0,79254.0,79292.0,79324.0,79411.0,79445.0,79506.0,79532.0,79600.0,79634.0,79687.0,79720.0,79767.0,79790.0,79808.0,79858.0,79875.0,79941.0,79966.0,80011.0,80053.0,80134.0,80177.0,80271.0,80311.0,80337.0,80359.0,80417.0,80458.0,80480.0,80517.0,80540.0,80552.0,80566.0,80592.0,80610.0,80632.0,80667.0
5097920,41400.0,41456.0,41499.0,41560.0,41637.0,41708.0,41761.0,41822.0,41858.0,41873.0,41909.0,41935.0,41969.0,42010.0,42047.0,42067.0,42097.0,42176.0,42215.0,42248.0,42311.0,42390.0,42434.0,42488.0,42522.0,42555.0,42634.0,42665.0,42721.0,42757.0,42825.0,42849.0,42928.0,42957.0,42998.0,43018.0,43034.0,43078.0,43093.0,43151.0,43173.0,43212.0,43252.0,43329.0,43370.0,43458.0,43482.0,43508.0,43530.0,43588.0,43629.0,43651.0,43688.0,43711.0,43723.0,43737.0,43763.0,43781.0,43803.0,43838.0
5097922,60600.0,60650.0,60688.0,60743.0,60813.0,60891.0,60948.0,61001.0,61051.0,61072.0,61121.0,61149.0,61186.0,61230.0,61275.0,61299.0,61336.0,61435.0,61483.0,61522.0,61603.0,61673.0,61723.0,61786.0,61824.0,61849.0,61945.0,61983.0,62049.0,62073.0,62144.0,62173.0,62242.0,62278.0,62329.0,62354.0,62374.0,62428.0,62446.0,62518.0,62545.0,62594.0,62647.0,62748.0,62802.0,62919.0,62956.0,62982.0,63004.0,63062.0,63103.0,63125.0,63162.0,63185.0,63197.0,63211.0,63237.0,63255.0,63277.0,63312.0
5098279,59700.0,59765.0,59815.0,59886.0,59976.0,60079.0,60156.0,60256.0,60356.0,60398.0,60494.0,60543.0,60607.0,60682.0,60756.0,60795.0,60837.0,60948.0,61006.0,61053.0,61157.0,61250.0,61315.0,61395.0,61442.0,61478.0,61606.0,61657.0,61745.0,61769.0,61855.0,61900.0,62032.0,62073.0,62132.0,62160.0,62183.0,62245.0,62266.0,62349.0,62380.0,62435.0,62502.0,62631.0,62700.0,62848.0,62891.0,62917.0,62939.0,62997.0,63038.0,63060.0,63097.0,63120.0,63132.0,63146.0,63172.0,63190.0,63212.0,63247.0
5098512,35400.0,35461.0,35508.0,35575.0,35659.0,35753.0,35822.0,35896.0,35953.0,35977.0,36032.0,36070.0,36120.0,36179.0,36250.0,36288.0,36330.0,36441.0,36499.0,36546.0,36625.0,36713.0,36772.0,36845.0,36889.0,36920.0,37021.0,37061.0,37132.0,37156.0,37234.0,37262.0,37342.0,37377.0,37426.0,37450.0,37469.0,37521.0,37539.0,37608.0,37634.0,37680.0,37734.0,37839.0,37895.0,38016.0,38059.0,38085.0,38107.0,38165.0,38206.0,38228.0,38265.0,38288.0,38300.0,38314.0,38340.0,38358.0,38380.0,38415.0
5098514,44400.0,44462.0,44509.0,44576.0,44662.0,44757.0,44828.0,44891.0,44955.0,44982.0,45043.0,45084.0,45138.0,45201.0,45266.0,45300.0,45343.0,45457.0,45513.0,45560.0,45654.0,45737.0,45795.0,45868.0,45911.0,45948.0,46070.0,46118.0,46204.0,46228.0,46304.0,46331.0,46422.0,46458.0,46509.0,46534.0,46554.0,46608.0,46627.0,46699.0,46726.0,46775.0,46847.0,46985.0,47059.0,47218.0,47263.0,47289.0,47311.0,47369.0,47410.0,47432.0,47469.0,47492.0,47504.0,47518.0,47544.0,47562.0,47584.0,47619.0
5098518,62400.0,62465.0,62515.0,62586.0,62676.0,62779.0,62856.0,62956.0,63056.0,63098.0,63194.0,63243.0,63307.0,63382.0,63456.0,63495.0,63537.0,63648.0,63706.0,63753.0,63857.0,63950.0,64015.0,64095.0,64142.0,64178.0,64306.0,64357.0,64445.0,64469.0,64555.0,64600.0,64732.0,64773.0,64832.0,64860.0,64883.0,64945.0,64966.0,65049.0,65080.0,65135.0,65202.0,65331.0,65400.0,65548.0,65591.0,65617.0,65639.0,65697.0,65738.0,65760.0,65797.0,65820.0,65832.0,65846.0,65872.0,65890.0,65912.0,65947.0
5098520,72000.0,72054.0,72095.0,72154.0,72229.0,72316.0,72380.0,72451.0,72611.0,72678.0,72832.0,72872.0,72925.0,72988.0,73048.0,73079.0,73119.0,73223.0,73272.0,73312.0,73384.0,73456.0,73507.0,73571.0,73611.0,73635.0,73727.0,73763.0,73827.0,73851.0,73925.0,73949.0,74024.0,74061.0,74114.0,74139.0,74159.0,74215.0,74234.0,74308.0,74336.0,74385.0,74433.0,74525.0,74574.0,74679.0,74724.0,74750.0,74772.0,74830.0,74871.0,74893.0,74930.0,74953.0,74965.0,74979.0,75005.0,75023.0,75045.0,75080.0
5099044,28800.0,28856.0,28899.0,28960.0,29037.0,29129.0,29197.0,29253.0,29304.0,29325.0,29374.0,29405.0,29445.0,29493.0,29541.0,29567.0,29591.0,29655.0,29694.0,29726.0,29771.0,29834.0,29885.0,29949.0,29993.0,30020.0,30134.0,30179.0,30259.0,30289.0,30358.0,30378.0,30416.0,30443.0,30481.0,30499.0,30513.0,30553.0,30567.0,30620.0,30640.0,30674.0,30710.0,30780.0,30817.0,30897.0,30922.0,30948.0,30970.0,31028.0,31069.0,31091.0,31128.0,31151.0,31163.0,31177.0,31203.0,31221.0,31243.0,31278.0
5099046,36000.0,36056.0,36099.0,36160.0,36237.0,36329.0,36397.0,36453.0,36504.0,36525.0,36574.0,36605.0,36645.0,36693.0,36741.0,36767.0,36791.0,36855.0,36894.0,36926.0,36971.0,37034.0,37085.0,37149.0,37193.0,37220.0,37334.0,37379.0,37459.0,37489.0,37558.0,37578.0,37616.0,37643.0,37681.0,37699.0,37713.0,37753.0,37767.0,37820.0,37840.0,37874.0,37910.0,37980.0,38017.0,38097.0,38122.0,38148.0,38170.0,38228.0,38269.0,38291.0,38328.0,38351.0,38363.0,38377.0,38403.0,38421.0,38443.0,38478.0
5099050,58200.0,58250.0,58288.0,58343.0,58413.0,58491.0,58548.0,58601.0,58651.0,58672.0,58721.0,58749.0,58786.0,58830.0,58875.0,58899.0,58936.0,59035.0,59083.0,59122.0,59203.0,59273.0,59323.0,59386.0,59424.0,59449.0,59545.0,59583.0,59649.0,59673.0,59744.0,59773.0,59842.0,59878.0,59929.0,59954.0,59974.0,60028.0,60046.0,60118.0,60145.0,60194.0,60247.0,60348.0,60402.0,60519.0,60556.0,60582.0,60604.0,60662.0,60703.0,60725.0,60762.0,60785.0,60797.0,60811.0,60837.0,60855.0,60877.0,60912.0
5099054,74700.0,74743.0,74776.0,74823.0,74884.0,74962.0,75019.0,75076.0,75112.0,75127.0,75163.0,75193.0,75233.0,75281.0,75333.0,75361.0,75396.0,75488.0,75519.0,75545.0,75605.0,75658.0,75697.0,75745.0,75779.0,75803.0,75882.0,75913.0,75969.0,76000.0,76073.0,76097.0,76167.0,76199.0,76244.0,76266.0,76283.0,76331.0,76347.0,76410.0,76434.0,76476.0,76518.0,76598.0,76641.0,76734.0,76767.0,76793.0,76815.0,76873.0,76914.0,76936.0,76973.0,76996.0,77008.0,77022.0,77048.0,77066.0,77088.0,77123.0
5099056,81900.0,81946.0,81981.0,82031.0,82095.0,82152.0,82195.0,82249.0,82285.0,82300.0,82336.0,82361.0,82394.0,82432.0,82468.0,82487.0,82520.0,82608.0,82643.0,82671.0,82717.0,82767.0,82806.0,82854.0,82892.0,82924.0,83011.0,83045.0,83106.0,83132.0,83200.0,83234.0,83287.0,83320.0,83367.0,83390.0,83408.0,83458.0,83475.0,83541.0,83566.0,83611.0,83653.0,83734.0,83777.0,83871.0,83911.0,83937.0,83959.0,84017.0,84058.0,84080.0,84117.0,84140.0,84152.0,84166.0,84192.0,84210.0,84232.0,84267.0
5099515,38700.0,38763.0,38811.0,38880.0,38968.0,39053.0,39115.0,39180.0,39233.0,39255.0,39306.0,39341.0,39388.0,39443.0,39492.0,39518.0,39558.0,39662.0,39720.0,39768.0,39855.0,39946.0,40006.0,40080.0,40120.0,40151.0,40255.0,40296.0,40368.0,40392.0,40470.0,40498.0,40575.0,40609.0,40657.0,40680.0,40698.0,40748.0,40765.0,40832.0,40857.0,40903.0,40964.0,41082.0,41145.0,41280.0,41343.0,41369.0,41391.0,41449.0,41490.0,41512.0,41549.0,41572.0,41584.0,41598.0,41624.0,41642.0,41664.0,41699.0
5099519,56400.0,56465.0,56515.0,56586.0,56676.0,56779.0,56856.0,56956.0,57056.0,57098.0,57194.0,57243.0,57307.0,57382.0,57456.0,57495.0,57537.0,57648.0,57706.0,57753.0,57857.0,57950.0,58015.0,58095.0,58142.0,58178.0,58306.0,58357.0,58445.0,58469.0,58555.0,58600.0,58732.0,58773.0,58832.0,58860.0,58883.0,58945.0,58966.0,59049.0,59080.0,59135.0,59202.0,59331.0,59400.0,59548.0,59591.0,59617.0,59639.0,59697.0,59738.0,59760.0,59797.0,59820.0,59832.0,59846.0,59872.0,59890.0,59912.0,59947.0
5101086,51600.0,51662.0,51709.0,51776.0,51862.0,51957.0,52028.0,52091.0,52155.0,52182.0,52243.0,52284.0,52338.0,52401.0,52466.0,52500.0,52543.0,52657.0,52713.0,52760.0,52854.0,52937.0,52995.0,53068.0,53111.0,53148.0,53270.0,53318.0,53404.0,53428.0,53504.0,53531.0,53622.0,53658.0,53709.0,53734.0,53754.0,53808.0,53827.0,53899.0,53926.0,53975.0,54047.0,54185.0,54259.0,54418.0,54463.0,54489.0,54511.0,54569.0,54610.0,54632.0,54669.0,54692.0,54704.0,54718.0,54744.0,54762.0,54784.0,54819.0
5101088,60600.0,60665.0,60715.0,60786.0,60876.0,60979.0,61056.0,61156.0,61256.0,61298.0,61394.0,61443.0,61507.0,61582.0,61656.0,61695.0,61737.0,61848.0,61906.0,61953.0,62057.0,62150.0,62215.0,62295.0,62342.0,62378.0,62506.0,62557.0,62645.0,62669.0,62755.0,62800.0,62932.0,62973.0,63032.0,63060.0,63083.0,63145.0,63166.0,63249.0,63280.0,63335.0,63402.0,63531.0,63600.0,63748.0,63791.0,63817.0,63839.0,63897.0,63938.0,63960.0,63997.0,64020.0,64032.0,64046.0,64072.0,64090.0,64112.0,64147.0
5101802,34200.0,34261.0,34308.0,34375.0,34459.0,34553.0,34622.0,34696.0,34753.0,34777.0,34832.0,34870.0,34920.0,34979.0,35050.0,35088.0,35130.0,35241.0,35299.0,35346.0,35425.0,35513.0,35572.0,35645.0,35689.0,35720.0,35821.0,35861.0,35932.0,35956.0,36034.0,36062.0,36142.0,36177.0,36226.0,36250.0,36269.0,36321.0,36339.0,36408.0,36434.0,36480.0,36534.0,36639.0,36695.0,36816.0,36859.0,36885.0,36907.0,36965.0,37006.0,37028.0,37065.0,37088.0,37100.0,37114.0,37140.0,37158.0,37180.0,37215.0
5101804,43200.0,43262.0,43309.0,43376.0,43462.0,43557.0,43628.0,43691.0,43755.0,43782.0,43843.0,43884.0,43938.0,44001.0,44066.0,44100.0,44143.0,44257.0,44313.0,44360.0,44454.0,44537.0,44595.0,44668.0,44711.0,44748.0,44870.0,44918.0,45004.0,45028.0,45104.0,45131.0,45222.0,45258.0,45309.0,45334.0,45354.0,45408.0,45427.0,45499.0,45526.0,45575.0,45647.0,45785.0,45859.0,46018.0,46063.0,46089.0,46111.0,46169.0,46210.0,46232.0,46269.0,46292.0,46304.0,46318.0,46344.0,46362.0,46384.0,46419.0
5104317,38700.0,38763.0,38811.0,38880.0,38968.0,39053.0,39115.0,39180.0,39233.0,39255.0,39306.0,39341.0,39388.0,39443.0,39492.0,39518.0,39558.0,39662.0,39720.0,39768.0,39855.0,39946.0,40006.0,40080.0,40120.0,40151.0,40255.0,40296.0,40368.0,40392.0,40470.0,40498.0,40575.0,40609.0,40657.0,40680.0,40698.0,40748.0,40765.0,40832.0,40857.0,40903.0,40964.0,41082.0,41145.0,41280.0,41343.0,41369.0,41391.0,41449.0,41490.0,41512.0,41549.0,41572.0,41584.0,41598.0,41624.0,41642.0,41664.0,41699.0
5104321,56400.0,56465.0,56515.0,56586.0,56676.0,56779.0,56856.0,56956.0,57056.0,57098.0,57194.0,57243.0,57307.0,57382.0,57456.0,57495.0,57537.0,57648.0,57706.0,57753.0,57857.0,57950.0,58015.0,58095.0,58142.0,58178.0,58306.0,58357.0,58445.0,58469.0,58555.0,58600.0,58732.0,58773.0,58832.0,58860.0,58883.0,58945.0,58966.0,59049.0,59080.0,59135.0,59202.0,59331.0,59400.0,59548.0,59591.0,59617.0,59639.0,59697.0,59738.0,59760.0,59797.0,59820.0,59832.0,59846.0,59872.0,59890.0,59912.0,59947.0
5104420,61560.0,61625.0,61675.0,61746.0,61836.0,61939.0,62016.0,62116.0,62216.0,62258.0,62354.0,62403.0,62467.0,62542.0,62616.0,62655.0,62697.0,62808.0,62866.0,62913.0,63017.0,63110.0,63175.0,63255.0,63302.0,63338.0,63466.0,63517.0,63605.0,63629.0,63715.0,63760.0,63892.0,63933.0,63992.0,64020.0,64043.0,64105.0,64126.0,64209.0,64240.0,64295.0,64362.0,64491.0,64560.0,64708.0,64751.0,64777.0,64799.0,64857.0,64898.0,64920.0,64957.0,64980.0,64992.0,65006.0,65032.0,65050.0,65072.0,65107.0
5104424,79200.0,79250.0,79288.0,79343.0,79413.0,79487.0,79541.0,79608.0,79709.0,79751.0,79848.0,79877.0,79915.0,79959.0,80002.0,80024.0,80055.0,80135.0,80170.0,80198.0,80252.0,80316.0,80359.0,80413.0,80450.0,80477.0,80567.0,80603.0,80665.0,80690.0,80758.0,80783.0,80838.0,80871.0,80918.0,80941.0,80959.0,81009.0,81026.0,81093.0,81118.0,81163.0,81199.0,81268.0,81305.0,81385.0,81423.0,81449.0,81471.0,81529.0,81570.0,81592.0,81629.0,81652.0,81664.0,81678.0,81704.0,81722.0,81744.0,81779.0
5104532,40200.0,40263.0,40311.0,40380.0,40468.0,40553.0,40615.0,40680.0,40733.0,40755.0,40806.0,40841.0,40888.0,40943.0,40992.0,41018.0,41058.0,41162.0,41220.0,41268.0,41355.0,41446.0,41506.0,41580.0,41620.0,41651.0,41755.0,41796.0,41868.0,41892.0,41970.0,41998.0,42075.0,42109.0,42157.0,42180.0,42198.0,42248.0,42265.0,42332.0,42357.0,42403.0,42464.0,42582.0,42645.0,42780.0,42843.0,42869.0,42891.0,42949.0,42990.0,43012.0,43049.0,43072.0,43084.0,43098.0,43124.0,43142.0,43164.0,43199.0
5104534,49200.0,49262.0,49309.0,49376.0,49462.0,49557.0,49628.0,49691.0,49755.0,49782.0,49843.0,49884.0,49938.0,50001.0,50066.0,50100.0,50143.0,50257.0,50313.0,50360.0,50454.0,50537.0,50595.0,50668.0,50711.0,50748.0,50870.0,50918.0,51004.0,51028.0,51104.0,51131.0,51222.0,51258.0,51309.0,51334.0,51354.0,51408.0,51427.0,51499.0,51526.0,51575.0,51647.0,51785.0,51859.0,52018.0,52063.0,52089.0,52111.0,52169.0,52210.0,52232.0,52269.0,52292.0,52304.0,52318.0,52344.0,52362.0,52384.0,52419.0
5104536,58200.0,58265.0,58315.0,58386.0,58476.0,58579.0,58656.0,58756.0,58856.0,58898.0,58994.0,59043.0,59107.0,59182.0,59256.0,59295.0,59337.0,59448.0,59506.0,59553.0,59657.0,59750.0,59815.0,59895.0,59942.0,59978.0,60106.0,60157.0,60245.0,60269.0,60355.0,60400.0,60532.0,60573.0,60632.0,60660.0,60683.0,60745.0,60766.0,60849.0,60880.0,60935.0,61002.0,61131.0,61200.0,61348.0,61391.0,61417.0,61439.0,61497.0,61538.0,61560.0,61597.0,61620.0,61632.0,61646.0,61672.0,61690.0,61712.0,61747.0
5104538,67200.0,67265.0,67315.0,67386.0,67476.0,67579.0,67656.0,67756.0,67856.0,67898.0,67994.0,68043.0,68107.0,68182.0,68256.0,68295.0,68337.0,68448.0,68506.0,68553.0,68657.0,68750.0,68815.0,68895.0,68942.0,68978.0,69106.0,69157.0,69245.0,69269.0,69355.0,69400.0,69532.0,69573.0,69632.0,69660.0,69683.0,69745.0,69766.0,69849.0,69880.0,69935.0,70002.0,70131.0,70200.0,70348.0,70391.0,70417.0,70439.0,70497.0,70538.0,70560.0,70597.0,70620.0,70632.0,70646.0,70672.0,70690.0,70712.0,70747.0
5105505,35400.0,35461.0,35508.0,35575.0,35659.0,35753.0,35822.0,35896.0,35953.0,35977.0,36032.0,36070.0,36120.0,36179.0,36250.0,36288.0,36330.0,36441.0,36499.0,36546.0,36625.0,36713.0,36772.0,36845.0,36889.0,36920.0,37021.0,37061.0,37132.0,37156.0,37234.0,37262.0,37342.0,37377.0,37426.0,37450.0,37469.0,37521.0,37539.0,37608.0,37634.0,37680.0,37734.0,37839.0,37895.0,38016.0,38059.0,38085.0,38107.0,38165.0,38206.0,38228.0,38265.0,38288.0,38300.0,38314.0,38340.0,38358.0,38380.0,38415.0
5105507,44400.0,44462.0,44509.0,44576.0,44662.0,44757.0,44828.0,44891.0,44955.0,44982.0,45043.0,45084.0,45138.0,45201.0,45266.0,45300.0,45343.0,45457.0,45513.0,45560.0,45654.0,45737.0,45795.0,45868.0,45911.0,45948.0,46070.0,46118.0,46204.0,46228.0,46304.0,46331.0,46422.0,46458.0,46509.0,46534.0,46554.0,46608.0,46627.0,46699.0,46726.0,46775.0,46847.0,46985.0,47059.0,47218.0,47263.0,47289.0,47311.0,47369.0,47410.0,47432.0,47469.0,47492.0,47504.0,47518.0,47544.0,47562.0,47584.0,47619.0
5105511,62400.0,62465.0,62515.0,62586.0,62676.0,62779.0,62856.0,62956.0,63056.0,63098.0,63194.0,63243.0,63307.0,63382.0,63456.0,63495.0,63537.0,63648.0,63706.0,63753.0,63857.0,63950.0,64015.0,64095.0,64142.0,64178.0,64306.0,64357.0,64445.0,64469.0,64555.0,64600.0,64732.0,64773.0,64832.0,64860.0,64883.0,64945.0,64966.0,65049.0,65080.0,65135.0,65202.0,65331.0,65400.0,65548.0,65591.0,65617.0,65639.0,65697.0,65738.0,65760.0,65797.0,65820.0,65832.0,65846.0,65872.0,65890.0,65912.0,65947.0
5105513,72000.0,72054.0,72095.0,72154.0,72229.0,72316.0,72380.0,72451.0,72611.0,72678.0,72832.0,72872.0,72925.0,72988.0,73048.0,73079.0,73119.0,73223.0,73272.0,73312.0,73384.0,73456.0,73507.0,73571.0,73611.0,73635.0,73727.0,73763.0,73827.0,73851.0,73925.0,73949.0,74024.0,74061.0,74114.0,74139.0,74159.0,74215.0,74234.0,74308.0,74336.0,74385.0,74433.0,74525.0,74574.0,74679.0,74724.0,74750.0,74772.0,74830.0,74871.0,74893.0,74930.0,74953.0,74965.0,74979.0,75005.0,75023.0,75045.0,75080.0
5105609,64800.0,64865.0,64915.0,64986.0,65076.0,65179.0,65256.0,65356.0,65456.0,65498.0,65594.0,65643.0,65707.0,65782.0,65856.0,65895.0,65937.0,66048.0,66106.0,66153.0,66257.0,66350.0,66415.0,66495.0,66542.0,66578.0,66706.0,66757.0,66845.0,66869.0,66955.0,67000.0,67132.0,67173.0,67232.0,67260.0,67283.0,67345.0,67366.0,67449.0,67480.0,67535.0,67602.0,67731.0,67800.0,67948.0,67991.0,68017.0,68039.0,68097.0,68138.0,68160.0,68197.0,68220.0,68232.0,68246.0,68272.0,68290.0,68312.0,68347.0
5105611,73800.0,73854.0,73895.0,73954.0,74029.0,74116.0,74180.0,74251.0,74411.0,74478.0,74632.0,74672.0,74725.0,74788.0,74848.0,74879.0,74919.0,75023.0,75072.0,75112.0,75184.0,75256.0,75307.0,75371.0,75411.0,75435.0,75527.0,75563.0,75627.0,75651.0,75725.0,75749.0,75824.0,75861.0,75914.0,75939.0,75959.0,76015.0,76034.0,76108.0,76136.0,76185.0,76233.0,76325.0,76374.0,76479.0,76524.0,76550.0,76572.0,76630.0,76671.0,76693.0,76730.0,76753.0,76765.0,76779.0,76805.0,76823.0,76845.0,76880.0
5105613,81000.0,81050.0,81088.0,81143.0,81213.0,81287.0,81341.0,81408.0,81509.0,81551.0,81648.0,81677.0,81715.0,81759.0,81802.0,81824.0,81855.0,81935.0,81970.0,81998.0,82052.0,82116.0,82159.0,82213.0,82250.0,82277.0,82367.0,82403.0,82465.0,82490.0,82558.0,82583.0,82638.0,82671.0,82718.0,82741.0,82759.0,82809.0,82826.0,82893.0,82918.0,82963.0,82999.0,83068.0,83105.0,83185.0,83223.0,83249.0,83271.0,83329.0,83370.0,83392.0,83429.0,83452.0,83464.0,83478.0,83504.0,83522.0,83544.0,83579.0
5105968,33000.0,33061.0,33108.0,33175.0,33259.0,33353.0,33422.0,33496.0,33553.0,33577.0,33632.0,33670.0,33720.0,33779.0,33850.0,33888.0,33930.0,34041.0,34099.0,34146.0,34225.0,34313.0,34372.0,34445.0,34489.0,34520.0,34621.0,34661.0,34732.0,34756.0,34834.0,34862.0,34942.0,34977.0,35026.0,35050.0,35069.0,35121.0,35139.0,35208.0,35234.0,35280.0,35334.0,35439.0,35495.0,35616.0,35659.0,35685.0,35707.0,35765.0,35806.0,35828.0,35865.0,35888.0,35900.0,35914.0,35940.0,35958.0,35980.0,36015.0
5106618,28800.0,28861.0,28908.0,28975.0,29059.0,29153.0,29222.0,29296.0,29353.0,29377.0,29432.0,29470.0,29520.0,29579.0,29650.0,29688.0,29730.0,29841.0,29899.0,29946.0,30025.0,30113.0,30172.0,30245.0,30289.0,30320.0,30421.0,30461.0,30532.0,30556.0,30634.0,30662.0,30742.0,30777.0,30826.0,30850.0,30869.0,30921.0,30939.0,31008.0,31034.0,31080.0,31134.0,31239.0,31295.0,31416.0,31459.0,31485.0,31507.0,31565.0,31606.0,31628.0,31665.0,31688.0,31700.0,31714.0,31740.0,31758.0,31780.0,31815.0
5106622,46800.0,46862.0,46909.0,46976.0,47062.0,47157.0,47228.0,47291.0,47355.0,47382.0,47443.0,47484.0,47538.0,47601.0,47666.0,47700.0,47743.0,47857.0,47913.0,47960.0,48054.0,48137.0,48195.0,48268.0,48311.0,48348.0,48470.0,48518.0,48604.0,48628.0,48704.0,48731.0,48822.0,48858.0,48909.0,48934.0,48954.0,49008.0,49027.0,49099.0,49126.0,49175.0,49247.0,49385.0,49459.0,49618.0,49663.0,49689.0,49711.0,49769.0,49810.0,49832.0,49869.0,49892.0,49904.0,49918.0,49944.0,49962.0,49984.0,50019.0
5106627,75600.0,75650.0,75688.0,75743.0,75813.0,75887.0,75941.0,76008.0,76109.0,76151.0,76248.0,76277.0,76315.0,76359.0,76402.0,76424.0,76455.0,76535.0,76570.0,76598.0,76652.0,76716.0,76759.0,76813.0,76850.0,76877.0,76967.0,77003.0,77065.0,77090.0,77158.0,77183.0,77238.0,77271.0,77318.0,77341.0,77359.0,77409.0,77426.0,77493.0,77518.0,77563.0,77599.0,77668.0,77705.0,77785.0,77823.0,77849.0,77871.0,77929.0,77970.0,77992.0,78029.0,78052.0,78064.0,78078.0,78104.0,78122.0,78144.0,78179.0
5106629,82800.0,82850.0,82888.0,82943.0,83013.0,83087.0,83141.0,83208.0,83309.0,83351.0,83448.0,83477.0,83515.0,83559.0,83602.0,83624.0,83655.0,83735.0,83770.0,83798.0,83852.0,83916.0,83959.0,84013.0,84050.0,84077.0,84167.0,84203.0,84265.0,84290.0,84358.0,84383.0,84438.0,84471.0,84518.0,84541.0,84559.0,84609.0,84626.0,84693.0,84718.0,84763.0,84799.0,84868.0,84905.0,84985.0,85023.0,85049.0,85071.0,85129.0,85170.0,85192.0,85229.0,85252.0,85264.0,85278.0,85304.0,85322.0,85344.0,85379.0
5106846,54000.0,54065.0,54115.0,54186.0,54276.0,54379.0,54456.0,54556.0,54656.0,54698.0,54794.0,54843.0,54907.0,54982.0,55056.0,55095.0,55137.0,55248.0,55306.0,55353.0,55457.0,55550.0,55615.0,55695.0,55742.0,55778.0,55906.0,55957.0,56045.0,56069.0,56155.0,56200.0,56332.0,56373.0,56432.0,56460.0,56483.0,56545.0,56566.0,56649.0,56680.0,56735.0,56802.0,56931.0,57000.0,57148.0,57191.0,57217.0,57239.0,57297.0,57338.0,57360.0,57397.0,57420.0,57432.0,57446.0,57472.0,57490.0,57512.0,57547.0
5108428,59700.0,59765.0,59815.0,59886.0,59976.0,60079.0,60156.0,60256.0,60356.0,60398.0,60494.0,60543.0,60607.0,60682.0,60756.0,60795.0,60837.0,60948.0,61006.0,61053.0,61157.0,61250.0,61315.0,61395.0,61442.0,61478.0,61606.0,61657.0,61745.0,61769.0,61855.0,61900.0,62032.0,62073.0,62132.0,62160.0,62183.0,62245.0,62266.0,62349.0,62380.0,62435.0,62502.0,62631.0,62700.0,62848.0,62891.0,62917.0,62939.0,62997.0,63038.0,63060.0,63097.0,63120.0,63132.0,63146.0,63172.0,63190.0,63212.0,63247.0
5108814,52800.0,52862.0,52909.0,52976.0,53062.0,53157.0,53228.0,53291.0,53355.0,53382.0,53443.0,53484.0,53538.0,53601.0,53666.0,53700.0,53743.0,53857.0,53913.0,53960.0,54054.0,54137.0,54195.0,54268.0,54311.0,54348.0,54470.0,54518.0,54604.0,54628.0,54704.0,54731.0,54822.0,54858.0,54909.0,54934.0,54954.0,55008.0,55027.0,55099.0,55126.0,55175.0,55247.0,55385.0,55459.0,55618.0,55663.0,55689.0,55711.0,55769.0,55810.0,55832.0,55869.0,55892.0,55904.0,55918.0,55944.0,55962.0,55984.0,56019.0
5110001,26640.0,26702.0,26749.0,26817.0,26904.0,27008.0,27085.0,27193.0,27252.0,27277.0,27333.0,27364.0,27405.0,27454.0,27518.0,27552.0,27590.0,27689.0,27737.0,27776.0,27848.0,27916.0,27973.0,28044.0,28093.0,28121.0,28229.0,28272.0,28347.0,28371.0,28445.0,28478.0,28535.0,28572.0,28625.0,28650.0,28670.0,28726.0,28745.0,28819.0,28847.0,28898.0,28937.0,29013.0,29054.0,29141.0,29192.0,29218.0,29240.0,29298.0,29339.0,29361.0,29398.0,29421.0,29433.0,29447.0,29473.0,29491.0,29513.0,29548.0
5110004,48000.0,48062.0,48109.0,48176.0,48262.0,48357.0,48428.0,48491.0,48555.0,48582.0,48643.0,48684.0,48738.0,48801.0,48866.0,48900.0,48943.0,49057.0,49113.0,49160.0,49254.0,49337.0,49395.0,49468.0,49511.0,49548.0,49670.0,49718.0,49804.0,49828.0,49904.0,49931.0,50022.0,50058.0,50109.0,50134.0,50154.0,50208.0,50227.0,50299.0,50326.0,50375.0,50447.0,50585.0,50659.0,50818.0,50863.0,50889.0,50911.0,50969.0,51010.0,51032.0,51069.0,51092.0,51104.0,51118.0,51144.0,51162.0,51184.0,51219.0
5110008,66000.0,66065.0,66115.0,66186.0,66276.0,66379.0,66456.0,66556.0,66656.0,66698.0,66794.0,66843.0,66907.0,66982.0,67056.0,67095.0,67137.0,67248.0,67306.0,67353.0,67457.0,67550.0,67615.0,67695.0,67742.0,67778.0,67906.0,67957.0,68045.0,68069.0,68155.0,68200.0,68332.0,68373.0,68432.0,68460.0,68483.0,68545.0,68566.0,68649.0,68680.0,68735.0,68802.0,68931.0,69000.0,69148.0,69191.0,69217.0,69239.0,69297.0,69338.0,69360.0,69397.0,69420.0,69432.0,69446.0,69472.0,69490.0,69512.0,69547.0
5110868,30000.0,30061.0,30108.0,30175.0,30259.0,30353.0,30422.0,30496.0,30553.0,30577.0,30632.0,30670.0,30720.0,30779.0,30850.0,30888.0,30930.0,31041.0,31099.0,31146.0,31225.0,31313.0,31372.0,31445.0,31489.0,31520.0,31621.0,31661.0,31732.0,31756.0,31834.0,31862.0,31942.0,31977.0,32026.0,32050.0,32069.0,32121.0,32139.0,32208.0,32234.0,32280.0,32334.0,32439.0,32495.0,32616.0,32659.0,32685.0,32707.0,32765.0,32806.0,32828.0,32865.0,32888.0,32900.0,32914.0,32940.0,32958.0,32980.0,33015.0
5110874,57480.0,57545.0,57595.0,57666.0,57756.0,57859.0,57936.0,58036.0,58136.0,58178.0,58274.0,58323.0,58387.0,58462.0,58536.0,58575.0,58617.0,58728.0,58786.0,58833.0,58937.0,59030.0,59095.0,59175.0,59222.0,59258.0,59386.0,59437.0,59525.0,59549.0,59635.0,59680.0,59812.0,59853.0,59912.0,59940.0,59963.0,60025.0,60046.0,60129.0,60160.0,60215.0,60282.0,60411.0,60480.0,60628.0,60671.0,60697.0,60719.0,60777.0,60818.0,60840.0,60877.0,60900.0,60912.0,60926.0,60952.0,60970.0,60992.0,61027.0
5112637,31200.0,31261.0,31308.0,31375.0,31459.0,31553.0,31622.0,31696.0,31753.0,31777.0,31832.0,31870.0,31920.0,31979.0,32050.0,32088.0,32130.0,32241.0,32299.0,32346.0,32425.0,32513.0,32572.0,32645.0,32689.0,32720.0,32821.0,32861.0,32932.0,32956.0,33034.0,33062.0,33142.0,33177.0,33226.0,33250.0,33269.0,33321.0,33339.0,33408.0,33434.0,33480.0,33534.0,33639.0,33695.0,33816.0,33859.0,33885.0,33907.0,33965.0,34006.0,34028.0,34065.0,34088.0,34100.0,34114.0,34140.0,34158.0,34180.0,34215.0
5112894,36900.0,36963.0,37011.0,37080.0,37168.0,37253.0,37315.0,37380.0,37433.0,37455.0,37506.0,37541.0,37588.0,37643.0,37692.0,37718.0,37758.0,37862.0,37920.0,37968.0,38055.0,38146.0,38206.0,38280.0,38320.0,38351.0,38455.0,38496.0,38568.0,38592.0,38670.0,38698.0,38775.0,38809.0,38857.0,38880.0,38898.0,38948.0,38965.0,39032.0,39057.0,39103.0,39164.0,39282.0,39345.0,39480.0,39543.0,39569.0,39591.0,39649.0,39690.0,39712.0,39749.0,39772.0,39784.0,39798.0,39824.0,39842.0,39864.0,39899.0
5112896,45600.0,45662.0,45709.0,45776.0,45862.0,45957.0,46028.0,46091.0,46155.0,46182.0,46243.0,46284.0,46338.0,46401.0,46466.0,46500.0,46543.0,46657.0,46713.0,46760.0,46854.0,46937.0,46995.0,47068.0,47111.0,47148.0,47270.0,47318.0,47404.0,47428.0,47504.0,47531.0,47622.0,47658.0,47709.0,47734.0,47754.0,47808.0,47827.0,47899.0,47926.0,47975.0,48047.0,48185.0,48259.0,48418.0,48463.0,48489.0,48511.0,48569.0,48610.0,48632.0,48669.0,48692.0,48704.0,48718.0,48744.0,48762.0,48784.0,48819.0
5112898,63600.0,63665.0,63715.0,63786.0,63876.0,63979.0,64056.0,64156.0,64256.0,64298.0,64394.0,64443.0,64507.0,64582.0,64656.0,64695.0,64737.0,64848.0,64906.0,64953.0,65057.0,65150.0,65215.0,65295.0,65342.0,65378.0,65506.0,65557.0,65645.0,65669.0,65755.0,65800.0,65932.0,65973.0,66032.0,66060.0,66083.0,66145.0,66166.0,66249.0,66280.0,66335.0,66402.0,66531.0,66600.0,66748.0,66791.0,66817.0,66839.0,66897.0,66938.0,66960.0,66997.0,67020.0,67032.0,67046.0,67072.0,67090.0,67112.0,67147.0
5113180,68400.0,68454.0,68495.0,68554.0,68629.0,68716.0,68780.0,68851.0,69011.0,69078.0,69232.0,69272.0,69325.0,69388.0,69448.0,69479.0,69519.0,69623.0,69672.0,69712.0,69784.0,69856.0,69907.0,69971.0,70011.0,70035.0,70127.0,70163.0,70227.0,70251.0,70325.0,70349.0,70424.0,70461.0,70514.0,70539.0,70559.0,70615.0,70634.0,70708.0,70736.0,70785.0,70833.0,70925.0,70974.0,71079.0,71124.0,71150.0,71172.0,71230.0,71271.0,71293.0,71330.0,71353.0,71365.0,71379.0,71405.0,71423.0,71445.0,71480.0
5116589,25500.0,25562.0,25609.0,25677.0,25764.0,25868.0,25945.0,26053.0,26112.0,26137.0,26193.0,26224.0,26265.0,26314.0,26378.0,26412.0,26450.0,26549.0,26597.0,26636.0,26708.0,26776.0,26833.0,26904.0,26953.0,26981.0,27089.0,27132.0,27207.0,27231.0,27305.0,27338.0,27395.0,27432.0,27485.0,27510.0,27530.0,27586.0,27605.0,27679.0,27707.0,27758.0,27797.0,27873.0,27914.0,28001.0,28052.0,28078.0,28100.0,28158.0,28199.0,28221.0,28258.0,28281.0,28293.0,28307.0,28333.0,28351.0,28373.0,28408.0
5116591,42000.0,42063.0,42111.0,42180.0,42268.0,42353.0,42415.0,42480.0,42533.0,42555.0,42606.0,42641.0,42688.0,42743.0,42792.0,42818.0,42858.0,42962.0,43020.0,43068.0,43155.0,43246.0,43306.0,43380.0,43420.0,43451.0,43555.0,43596.0,43668.0,43692.0,43770.0,43798.0,43875.0,43909.0,43957.0,43980.0,43998.0,44048.0,44065.0,44132.0,44157.0,44203.0,44264.0,44382.0,44445.0,44580.0,44643.0,44669.0,44691.0,44749.0,44790.0,44812.0,44849.0,44872.0,44884.0,44898.0,44924.0,44942.0,44964.0,44999.0
5116599,77400.0,77450.0,77488.0,77543.0,77613.0,77687.0,77741.0,77808.0,77909.0,77951.0,78048.0,78077.0,78115.0,78159.0,78202.0,78224.0,78255.0,78335.0,78370.0,78398.0,78452.0,78516.0,78559.0,78613.0,78650.0,78677.0,78767.0,78803.0,78865.0,78890.0,78958.0,78983.0,79038.0,79071.0,79118.0,79141.0,79159.0,79209.0,79226.0,79293.0,79318.0,79363.0,79399.0,79468.0,79505.0,79585.0,79623.0,79649.0,79671.0,79729.0,79770.0,79792.0,79829.0,79852.0,79864.0,79878.0,79904.0,79922.0,79944.0,79979.0
5116601,84600.0,84650.0,84688.0,84743.0,84813.0,84887.0,84941.0,85008.0,85109.0,85151.0,85248.0,85277.0,85315.0,85359.0,85402.0,85424.0,85455.0,85535.0,85570.0,85598.0,85652.0,85716.0,85759.0,85813.0,85850.0,85877.0,85967.0,86003.0,86065.0,86090.0,86158.0,86183.0,86238.0,86271.0,86318.0,86341.0,86359.0,86409.0,86426.0,86493.0,86518.0,86563.0,86599.0,86668.0,86705.0,86785.0,86823.0,86849.0,86871.0,86929.0,86970.0,86992.0,87029.0,87052.0,87064.0,87078.0,87104.0,87122.0,87144.0,87179.0
